0000-00-00 00 	2
2014-03-04 00 	1
2016-10-13 00 	1
2016-11-20 09 	2
2016-11-20 14 	7
2016-11-21 14 	2
2016-11-30 17 	8
2016-12-01 06 	1
2016-12-01 07 	1
2017-02-17 15 	1
2017-03-01 00 	2
2017-03-02 00 	2
2017-03-03 00 	2
2017-03-04 00 	2
2017-03-04 12 	3
2017-03-05 00 	2
2017-03-05 18 	1
2017-03-06 00 	2
2017-03-06 06 	1
2017-03-06 07 	1
2017-03-06 16 	5
2017-03-06 17 	3
2017-03-06 18 	1
2017-03-07 00 	2
2017-03-07 06 	68
2017-03-07 10 	2
2017-03-07 11 	1
2017-03-08 00 	2
2017-03-08 05 	3
2017-03-08 06 	20
2017-03-08 07 	20
2017-03-08 08 	32
2017-03-08 09 	10
2017-03-08 10 	6
2017-03-08 14 	13
2017-03-08 15 	10
2017-03-08 16 	2
2017-03-09 00 	2
2017-03-09 06 	33
2017-03-09 07 	27
2017-03-09 08 	45
2017-03-09 09 	21
2017-03-09 10 	3
2017-03-10 00 	2
2017-03-10 06 	21
2017-03-10 07 	27
2017-03-10 08 	59
2017-03-10 09 	15
2017-03-10 10 	4
2017-03-11 00 	2
2017-03-11 06 	31
2017-03-11 07 	26
2017-03-11 08 	24
2017-03-11 09 	17
2017-03-11 10 	4
2017-03-11 13 	5
2017-03-12 00 	2
2017-03-12 10 	15
2017-03-12 13 	2
2017-03-13 00 	2
2017-03-13 06 	37
2017-03-13 07 	24
2017-03-13 08 	41
2017-03-13 09 	19
2017-03-13 10 	5
2017-03-13 15 	1
2017-03-13 16 	1
2017-03-14 00 	2
2017-03-14 06 	33
2017-03-14 07 	22
2017-03-14 08 	50
2017-03-14 09 	16
2017-03-14 10 	4
2017-03-15 00 	2
2017-03-15 06 	38
2017-03-15 07 	38
2017-03-15 08 	49
2017-03-15 09 	21
2017-03-15 10 	4
2017-03-15 13 	1
2017-03-15 14 	21
2017-03-15 15 	20
2017-03-15 16 	1
2017-03-16 00 	2
2017-03-16 06 	37
2017-03-16 07 	30
2017-03-16 08 	45
2017-03-16 09 	16
2017-03-16 10 	8
2017-03-16 13 	3
2017-03-16 14 	26
2017-03-16 15 	24
2017-03-16 16 	14
2017-03-17 00 	2
2017-03-17 06 	41
2017-03-17 07 	52
2017-03-17 08 	56
2017-03-17 09 	26
2017-03-17 10 	6
2017-03-17 14 	39
2017-03-17 15 	21
2017-03-17 16 	2
2017-03-18 00 	2
2017-03-18 06 	40
2017-03-18 07 	78
2017-03-18 08 	44
2017-03-18 09 	11
2017-03-18 10 	8
2017-03-18 13 	4
2017-03-18 14 	33
2017-03-18 15 	14
2017-03-18 16 	3
2017-03-19 00 	2
2017-03-19 06 	95
2017-03-19 07 	84
2017-03-19 08 	58
2017-03-19 09 	37
2017-03-19 10 	1
2017-03-19 14 	8
2017-03-19 15 	1
2017-03-20 00 	2
2017-03-20 06 	113
2017-03-20 07 	91
2017-03-20 08 	94
2017-03-20 09 	77
2017-03-20 10 	7
2017-03-20 14 	19
2017-03-20 15 	7
2017-03-20 23 	1
2017-03-21 00 	2
2017-03-21 05 	5
2017-03-21 06 	109
2017-03-21 07 	81
2017-03-21 08 	138
2017-03-21 09 	52
2017-03-21 10 	6
2017-03-21 14 	18
2017-03-21 15 	9
2017-03-21 16 	3
2017-03-22 00 	2
2017-03-22 05 	3
2017-03-22 06 	98
2017-03-22 07 	108
2017-03-22 08 	188
2017-03-22 09 	53
2017-03-22 10 	6
2017-03-22 14 	8
2017-03-22 15 	9
2017-03-22 16 	13
2017-03-23 00 	2
2017-03-23 06 	126
2017-03-23 07 	123
2017-03-23 08 	216
2017-03-23 09 	77
2017-03-23 10 	20
2017-03-23 14 	15
2017-03-23 15 	10
2017-03-23 16 	2
2017-03-23 17 	1
2017-03-24 00 	2
2017-03-24 06 	175
2017-03-24 07 	154
2017-03-24 08 	193
2017-03-24 09 	85
2017-03-24 10 	23
2017-03-24 14 	6
2017-03-24 15 	7
2017-03-25 00 	2
2017-03-25 06 	179
2017-03-25 07 	169
2017-03-25 08 	187
2017-03-25 09 	65
2017-03-25 10 	12
2017-03-26 00 	2
2017-03-26 06 	180
2017-03-26 07 	154
2017-03-26 08 	167
2017-03-26 09 	72
2017-03-26 10 	10
2017-03-26 17 	1
2017-03-27 00 	2
2017-03-27 06 	176
2017-03-27 07 	154
2017-03-27 08 	200
2017-03-27 09 	99
2017-03-27 10 	15
2017-03-27 14 	1
2017-03-27 15 	1
2017-03-28 00 	3
2017-03-28 06 	189
2017-03-28 07 	140
2017-03-28 08 	195
2017-03-28 09 	102
2017-03-28 10 	9
2017-03-29 00 	2
2017-03-29 06 	187
2017-03-29 07 	144
2017-03-29 08 	96
2017-03-29 09 	58
2017-03-29 10 	11
2017-03-30 00 	3
2017-03-30 06 	119
2017-03-30 07 	156
2017-03-30 08 	204
2017-03-30 09 	93
2017-03-30 10 	12
2017-03-31 00 	2
2017-03-31 06 	149
2017-03-31 07 	237
2017-03-31 08 	244
2017-03-31 09 	155
2017-03-31 10 	14
2017-03-31 14 	45
2017-03-31 15 	6
2017-04-01 00 	5
2017-04-01 06 	179
2017-04-01 07 	218
2017-04-01 08 	261
2017-04-01 09 	93
2017-04-01 10 	20
2017-04-01 13 	2
2017-04-01 14 	33
2017-04-01 15 	6
2017-04-02 00 	2
2017-04-02 06 	156
2017-04-02 07 	203
2017-04-02 08 	175
2017-04-02 09 	89
2017-04-02 10 	12
2017-04-02 11 	1
2017-04-02 14 	43
2017-04-02 15 	5
2017-04-02 18 	3
2017-04-02 19 	14
2017-04-03 00 	6
2017-04-03 06 	164
2017-04-03 07 	206
2017-04-03 08 	207
2017-04-03 09 	102
2017-04-03 10 	9
2017-04-03 14 	26
2017-04-03 15 	1
2017-04-03 16 	5
2017-04-04 00 	4
2017-04-04 06 	178
2017-04-04 07 	232
2017-04-04 08 	182
2017-04-04 09 	79
2017-04-04 10 	11
2017-04-04 13 	1
2017-04-04 14 	36
2017-04-04 15 	3
2017-04-04 16 	1
2017-04-05 00 	3
2017-04-05 05 	2
2017-04-05 06 	162
2017-04-05 07 	220
2017-04-05 08 	271
2017-04-05 09 	111
2017-04-05 10 	15
2017-04-05 14 	31
2017-04-05 15 	5
2017-04-05 16 	1
2017-04-06 00 	3
2017-04-06 05 	3
2017-04-06 06 	198
2017-04-06 07 	221
2017-04-06 08 	234
2017-04-06 09 	88
2017-04-06 10 	18
2017-04-06 14 	39
2017-04-06 15 	4
2017-04-06 16 	1
2017-04-07 00 	3
2017-04-07 06 	194
2017-04-07 07 	220
2017-04-07 08 	228
2017-04-07 09 	118
2017-04-07 10 	13
2017-04-07 14 	39
2017-04-07 15 	5
2017-04-07 16 	1
2017-04-07 17 	1
2017-04-08 00 	4
2017-04-08 05 	3
2017-04-08 06 	193
2017-04-08 07 	238
2017-04-08 08 	208
2017-04-08 09 	106
2017-04-08 10 	13
2017-04-08 11 	2
2017-04-08 14 	45
2017-04-08 15 	4
2017-04-09 00 	4
2017-04-09 05 	2
2017-04-09 06 	195
2017-04-09 07 	227
2017-04-09 08 	176
2017-04-09 09 	90
2017-04-09 10 	24
2017-04-09 11 	2
2017-04-09 13 	4
2017-04-09 14 	37
2017-04-09 15 	10
2017-04-10 00 	6
2017-04-10 06 	206
2017-04-10 07 	226
2017-04-10 08 	216
2017-04-10 09 	69
2017-04-10 10 	11
2017-04-10 13 	3
2017-04-10 14 	50
2017-04-10 15 	2
2017-04-11 00 	4
2017-04-11 05 	2
2017-04-11 06 	197
2017-04-11 07 	207
2017-04-11 08 	239
2017-04-11 09 	123
2017-04-11 10 	8
2017-04-11 14 	45
2017-04-11 15 	5
2017-04-12 00 	8
2017-04-12 06 	200
2017-04-12 07 	188
2017-04-12 08 	238
2017-04-12 09 	96
2017-04-12 10 	23
2017-04-12 11 	3
2017-04-12 12 	1
2017-04-12 14 	50
2017-04-12 15 	4
2017-04-12 16 	5
2017-04-13 00 	6
2017-04-13 05 	4
2017-04-13 06 	197
2017-04-13 07 	214
2017-04-13 08 	239
2017-04-13 09 	100
2017-04-13 10 	11
2017-04-13 11 	4
2017-04-13 14 	46
2017-04-13 15 	6
2017-04-13 16 	6
2017-04-14 00 	4
2017-04-14 05 	4
2017-04-14 06 	194
2017-04-14 07 	187
2017-04-14 08 	213
2017-04-14 09 	101
2017-04-14 10 	18
2017-04-14 14 	56
2017-04-14 15 	4
2017-04-14 17 	1
2017-04-15 00 	4
2017-04-15 05 	4
2017-04-15 06 	204
2017-04-15 07 	226
2017-04-15 08 	193
2017-04-15 09 	90
2017-04-15 10 	20
2017-04-15 11 	1
2017-04-15 13 	2
2017-04-15 14 	44
2017-04-15 15 	7
2017-04-15 16 	2
2017-04-16 00 	6
2017-04-16 06 	210
2017-04-16 07 	195
2017-04-16 08 	204
2017-04-16 09 	83
2017-04-16 10 	29
2017-04-16 14 	47
2017-04-16 15 	5
2017-04-16 16 	1
2017-04-17 00 	7
2017-04-17 06 	218
2017-04-17 07 	209
2017-04-17 08 	235
2017-04-17 09 	99
2017-04-17 10 	13
2017-04-17 14 	52
2017-04-17 15 	5
2017-04-17 16 	1
2017-04-18 00 	6
2017-04-18 05 	1
2017-04-18 06 	265
2017-04-18 07 	197
2017-04-18 08 	215
2017-04-18 09 	93
2017-04-18 10 	10
2017-04-18 14 	61
2017-04-18 15 	5
2017-04-18 16 	1
2017-04-19 00 	5
2017-04-19 06 	232
2017-04-19 07 	196
2017-04-19 08 	226
2017-04-19 09 	94
2017-04-19 10 	10
2017-04-19 14 	59
2017-04-19 15 	3
2017-04-19 16 	1
2017-04-20 00 	8
2017-04-20 06 	216
2017-04-20 07 	202
2017-04-20 08 	223
2017-04-20 09 	111
2017-04-20 10 	16
2017-04-20 14 	53
2017-04-20 15 	8
2017-04-20 16 	2
2017-04-20 21 	2
2017-04-21 00 	8
2017-04-21 06 	213
2017-04-21 07 	238
2017-04-21 08 	233
2017-04-21 09 	85
2017-04-21 10 	22
2017-04-21 14 	58
2017-04-21 15 	5
2017-04-21 16 	2
2017-04-22 00 	6
2017-04-22 06 	266
2017-04-22 07 	224
2017-04-22 08 	170
2017-04-22 09 	76
2017-04-22 10 	14
2017-04-22 14 	63
2017-04-22 15 	10
2017-04-22 16 	1
2017-04-22 17 	3
2017-04-23 00 	4
2017-04-23 05 	4
2017-04-23 06 	257
2017-04-23 07 	245
2017-04-23 08 	176
2017-04-23 09 	101
2017-04-23 10 	10
2017-04-23 13 	1
2017-04-23 14 	66
2017-04-23 15 	10
2017-04-24 00 	10
2017-04-24 06 	249
2017-04-24 07 	220
2017-04-24 08 	235
2017-04-24 09 	66
2017-04-24 10 	25
2017-04-24 14 	52
2017-04-24 15 	10
2017-04-24 16 	2
2017-04-24 18 	1
2017-04-25 00 	6
2017-04-25 01 	1
2017-04-25 06 	230
2017-04-25 07 	221
2017-04-25 08 	252
2017-04-25 09 	84
2017-04-25 10 	12
2017-04-25 14 	58
2017-04-25 15 	6
2017-04-25 16 	1
2017-04-26 00 	10
2017-04-26 06 	228
2017-04-26 07 	226
2017-04-26 08 	234
2017-04-26 09 	80
2017-04-26 10 	24
2017-04-26 14 	61
2017-04-26 15 	3
2017-04-26 16 	1
2017-04-26 21 	1
2017-04-26 22 	2
2017-04-26 23 	1
2017-04-27 00 	11
2017-04-27 01 	1
2017-04-27 06 	248
2017-04-27 07 	236
2017-04-27 08 	268
2017-04-27 09 	106
2017-04-27 10 	22
2017-04-27 11 	2
2017-04-27 13 	14
2017-04-27 14 	53
2017-04-27 15 	5
2017-04-27 20 	3
2017-04-28 00 	6
2017-04-28 06 	299
2017-04-28 07 	298
2017-04-28 08 	271
2017-04-28 09 	135
2017-04-28 10 	34
2017-04-28 11 	2
2017-04-28 14 	88
2017-04-28 15 	15
2017-04-28 16 	2
2017-04-29 00 	5
2017-04-29 05 	15
2017-04-29 06 	390
2017-04-29 07 	317
2017-04-29 08 	233
2017-04-29 09 	123
2017-04-29 10 	14
2017-04-29 14 	81
2017-04-29 15 	16
2017-04-29 16 	1
2017-04-30 00 	8
2017-04-30 05 	14
2017-04-30 06 	425
2017-04-30 07 	360
2017-04-30 08 	218
2017-04-30 09 	117
2017-04-30 10 	13
2017-04-30 14 	79
2017-04-30 15 	19
2017-04-30 16 	6
2017-05-01 00 	30
2017-05-01 05 	122
2017-05-01 06 	758
2017-05-01 07 	694
2017-05-01 08 	522
2017-05-01 09 	243
2017-05-01 10 	36
2017-05-01 11 	1
2017-05-01 13 	2
2017-05-01 14 	121
2017-05-01 15 	63
2017-05-01 16 	8
2017-05-01 17 	1
2017-05-02 00 	23
2017-05-02 05 	89
2017-05-02 06 	782
2017-05-02 07 	674
2017-05-02 08 	704
2017-05-02 09 	288
2017-05-02 10 	37
2017-05-02 11 	3
2017-05-02 13 	1
2017-05-02 14 	189
2017-05-02 15 	46
2017-05-02 16 	12
2017-05-02 17 	1
2017-05-02 20 	1
2017-05-03 00 	24
2017-05-03 05 	127
2017-05-03 06 	813
2017-05-03 07 	732
2017-05-03 08 	758
2017-05-03 09 	299
2017-05-03 10 	33
2017-05-03 14 	161
2017-05-03 15 	28
2017-05-03 16 	5
2017-05-03 17 	1
2017-05-03 21 	1
2017-05-04 00 	24
2017-05-04 05 	131
2017-05-04 06 	860
2017-05-04 07 	787
2017-05-04 08 	739
2017-05-04 09 	329
2017-05-04 10 	40
2017-05-04 14 	194
2017-05-04 15 	39
2017-05-04 16 	5
2017-05-05 00 	21
2017-05-05 05 	181
2017-05-05 06 	850
2017-05-05 07 	691
2017-05-05 08 	624
2017-05-05 09 	247
2017-05-05 10 	24
2017-05-05 14 	224
2017-05-05 15 	39
2017-05-05 16 	7
2017-05-05 17 	12
2017-05-05 19 	11
2017-05-05 21 	1
2017-05-06 00 	24
2017-05-06 05 	217
2017-05-06 06 	973
2017-05-06 07 	768
2017-05-06 08 	619
2017-05-06 09 	266
2017-05-06 10 	18
2017-05-06 14 	222
2017-05-06 15 	23
2017-05-06 16 	2
2017-05-06 22 	5
2017-05-07 00 	20
2017-05-07 05 	190
2017-05-07 06 	980
2017-05-07 07 	815
2017-05-07 08 	630
2017-05-07 09 	287
2017-05-07 10 	34
2017-05-07 11 	1
2017-05-07 13 	2
2017-05-07 14 	234
2017-05-07 15 	26
2017-05-07 16 	8
2017-05-08 00 	24
2017-05-08 05 	265
2017-05-08 06 	949
2017-05-08 07 	801
2017-05-08 08 	827
2017-05-08 09 	403
2017-05-08 10 	36
2017-05-08 11 	4
2017-05-08 13 	17
2017-05-08 14 	272
2017-05-08 15 	51
2017-05-08 16 	8
2017-05-09 00 	12
2017-05-09 05 	238
2017-05-09 06 	1006
2017-05-09 07 	819
2017-05-09 08 	815
2017-05-09 09 	395
2017-05-09 10 	122
2017-05-09 11 	3
2017-05-09 13 	27
2017-05-09 14 	265
2017-05-09 15 	58
2017-05-09 16 	15
2017-05-10 00 	16
2017-05-10 05 	212
2017-05-10 06 	935
2017-05-10 07 	770
2017-05-10 08 	842
2017-05-10 09 	422
2017-05-10 10 	72
2017-05-10 13 	42
2017-05-10 14 	291
2017-05-10 15 	56
2017-05-10 16 	12
2017-05-10 20 	1
2017-05-11 00 	19
2017-05-11 05 	285
2017-05-11 06 	959
2017-05-11 07 	812
2017-05-11 08 	939
2017-05-11 09 	462
2017-05-11 10 	81
2017-05-11 11 	3
2017-05-11 13 	2
2017-05-11 14 	265
2017-05-11 15 	73
2017-05-11 16 	17
2017-05-12 00 	12
2017-05-12 05 	340
2017-05-12 06 	927
2017-05-12 07 	880
2017-05-12 08 	878
2017-05-12 09 	434
2017-05-12 10 	99
2017-05-12 11 	7
2017-05-12 13 	1
2017-05-12 14 	266
2017-05-12 15 	83
2017-05-12 16 	11
2017-05-13 00 	17
2017-05-13 05 	341
2017-05-13 06 	1103
2017-05-13 07 	896
2017-05-13 08 	754
2017-05-13 09 	359
2017-05-13 10 	80
2017-05-13 11 	6
2017-05-13 14 	244
2017-05-13 15 	68
2017-05-13 16 	7
2017-05-13 17 	4
2017-05-14 00 	17
2017-05-14 05 	431
2017-05-14 06 	1072
2017-05-14 07 	901
2017-05-14 08 	726
2017-05-14 09 	330
2017-05-14 10 	84
2017-05-14 11 	1
2017-05-14 14 	208
2017-05-14 15 	48
2017-05-14 16 	10
2017-05-14 18 	1
2017-05-15 00 	15
2017-05-15 05 	308
2017-05-15 06 	965
2017-05-15 07 	961
2017-05-15 08 	785
2017-05-15 09 	459
2017-05-15 10 	122
2017-05-15 13 	1
2017-05-15 14 	270
2017-05-15 15 	64
2017-05-15 16 	3
2017-05-15 17 	9
2017-05-15 18 	7
2017-05-15 19 	2
2017-05-16 00 	14
2017-05-16 05 	289
2017-05-16 06 	1045
2017-05-16 07 	895
2017-05-16 08 	851
2017-05-16 09 	400
2017-05-16 10 	94
2017-05-16 11 	3
2017-05-16 14 	267
2017-05-16 15 	79
2017-05-16 16 	4
2017-05-17 00 	19
2017-05-17 05 	322
2017-05-17 06 	994
2017-05-17 07 	903
2017-05-17 08 	879
2017-05-17 09 	444
2017-05-17 10 	108
2017-05-17 11 	1
2017-05-17 14 	216
2017-05-17 15 	93
2017-05-17 16 	15
2017-05-18 00 	32
2017-05-18 05 	270
2017-05-18 06 	1094
2017-05-18 07 	835
2017-05-18 08 	893
2017-05-18 09 	421
2017-05-18 10 	88
2017-05-18 11 	2
2017-05-18 14 	229
2017-05-18 15 	85
2017-05-18 16 	12
2017-05-18 18 	1
2017-05-18 19 	2
2017-05-19 00 	41
2017-05-19 05 	294
2017-05-19 06 	1065
2017-05-19 07 	898
2017-05-19 08 	817
2017-05-19 09 	399
2017-05-19 10 	90
2017-05-19 13 	1
2017-05-19 14 	238
2017-05-19 15 	75
2017-05-19 16 	7
2017-05-19 17 	1
2017-05-19 20 	1
2017-05-20 00 	44
2017-05-20 05 	301
2017-05-20 06 	1246
2017-05-20 07 	823
2017-05-20 08 	707
2017-05-20 09 	389
2017-05-20 10 	67
2017-05-20 11 	3
2017-05-20 14 	194
2017-05-20 15 	33
2017-05-20 16 	4
2017-05-21 00 	46
2017-05-21 05 	286
2017-05-21 06 	1146
2017-05-21 07 	852
2017-05-21 08 	747
2017-05-21 09 	398
2017-05-21 10 	72
2017-05-21 14 	237
2017-05-21 15 	64
2017-05-21 16 	6
2017-05-22 00 	51
2017-05-22 05 	185
2017-05-22 06 	944
2017-05-22 07 	807
2017-05-22 08 	859
2017-05-22 09 	475
2017-05-22 10 	101
2017-05-22 11 	4
2017-05-22 13 	1
2017-05-22 14 	278
2017-05-22 15 	81
2017-05-22 16 	10
2017-05-22 18 	1
2017-05-23 00 	65
2017-05-23 05 	283
2017-05-23 06 	1067
2017-05-23 07 	873
2017-05-23 08 	813
2017-05-23 09 	437
2017-05-23 10 	86
2017-05-23 11 	1
2017-05-23 14 	258
2017-05-23 15 	64
2017-05-23 16 	6
2017-05-24 00 	70
2017-05-24 05 	348
2017-05-24 06 	1020
2017-05-24 07 	944
2017-05-24 08 	888
2017-05-24 09 	463
2017-05-24 10 	87
2017-05-24 11 	1
2017-05-24 14 	273
2017-05-24 15 	44
2017-05-24 16 	8
2017-05-25 00 	74
2017-05-25 05 	389
2017-05-25 06 	1018
2017-05-25 07 	844
2017-05-25 08 	953
2017-05-25 09 	457
2017-05-25 10 	104
2017-05-25 11 	1
2017-05-25 14 	267
2017-05-25 15 	60
2017-05-25 16 	5
2017-05-26 00 	112
2017-05-26 05 	332
2017-05-26 06 	1177
2017-05-26 07 	947
2017-05-26 08 	909
2017-05-26 09 	421
2017-05-26 10 	100
2017-05-26 14 	279
2017-05-26 15 	71
2017-05-26 16 	14
2017-05-26 17 	1
2017-05-27 00 	133
2017-05-27 05 	333
2017-05-27 06 	1184
2017-05-27 07 	984
2017-05-27 08 	917
2017-05-27 09 	424
2017-05-27 10 	89
2017-05-27 11 	12
2017-05-27 14 	312
2017-05-27 15 	71
2017-05-27 16 	14
2017-05-28 00 	150
2017-05-28 05 	344
2017-05-28 06 	1171
2017-05-28 07 	1061
2017-05-28 08 	757
2017-05-28 09 	399
2017-05-28 10 	70
2017-05-28 14 	266
2017-05-28 15 	68
2017-05-28 16 	6
2017-05-28 17 	1
2017-05-29 00 	167
2017-05-29 05 	303
2017-05-29 06 	1329
2017-05-29 07 	1073
2017-05-29 08 	720
2017-05-29 09 	382
2017-05-29 10 	30
2017-05-29 13 	2
2017-05-29 14 	229
2017-05-29 15 	66
2017-05-29 16 	8
2017-05-30 00 	174
2017-05-30 05 	339
2017-05-30 06 	1260
2017-05-30 07 	1072
2017-05-30 08 	738
2017-05-30 09 	334
2017-05-30 10 	60
2017-05-30 14 	204
2017-05-30 15 	34
2017-05-30 16 	6
2017-05-31 00 	186
2017-05-31 05 	384
2017-05-31 06 	1061
2017-05-31 07 	1025
2017-05-31 08 	920
2017-05-31 09 	408
2017-05-31 10 	115
2017-05-31 14 	244
2017-05-31 15 	47
2017-05-31 16 	4
2017-05-31 17 	1
2017-05-31 19 	1
2017-06-01 00 	232
2017-06-01 05 	374
2017-06-01 06 	1200
2017-06-01 07 	952
2017-06-01 08 	837
2017-06-01 09 	402
2017-06-01 10 	105
2017-06-01 14 	240
2017-06-01 15 	65
2017-06-01 16 	7
2017-06-01 17 	1
2017-06-02 00 	235
2017-06-02 05 	339
2017-06-02 06 	1121
2017-06-02 07 	1030
2017-06-02 08 	905
2017-06-02 09 	449
2017-06-02 10 	97
2017-06-02 11 	3
2017-06-02 13 	10
2017-06-02 14 	185
2017-06-02 15 	78
2017-06-02 16 	10
2017-06-03 00 	236
2017-06-03 05 	304
2017-06-03 06 	1158
2017-06-03 07 	1011
2017-06-03 08 	848
2017-06-03 09 	372
2017-06-03 10 	122
2017-06-03 14 	233
2017-06-03 15 	41
2017-06-03 16 	5
2017-06-03 19 	2
2017-06-04 00 	145
2017-06-04 05 	226
2017-06-04 06 	843
2017-06-04 07 	1025
2017-06-04 08 	949
2017-06-04 09 	423
2017-06-04 10 	127
2017-06-04 11 	1
2017-06-04 13 	1
2017-06-04 14 	261
2017-06-04 15 	73
2017-06-04 16 	3
2017-06-05 00 	173
2017-06-05 05 	277
2017-06-05 06 	1153
2017-06-05 07 	1022
2017-06-05 08 	963
2017-06-05 09 	433
2017-06-05 10 	99
2017-06-05 11 	2
2017-06-05 14 	156
2017-06-05 15 	74
2017-06-05 16 	17
2017-06-05 17 	1
2017-06-05 18 	2
2017-06-05 21 	1
2017-06-06 00 	171
2017-06-06 05 	338
2017-06-06 06 	1048
2017-06-06 07 	1099
2017-06-06 08 	863
2017-06-06 09 	434
2017-06-06 10 	68
2017-06-06 12 	1
2017-06-06 13 	1
2017-06-06 14 	246
2017-06-06 15 	69
2017-06-06 16 	8
2017-06-06 17 	2
2017-06-06 18 	1
2017-06-07 00 	181
2017-06-07 05 	290
2017-06-07 06 	1212
2017-06-07 07 	1162
2017-06-07 08 	828
2017-06-07 09 	424
2017-06-07 10 	103
2017-06-07 14 	229
2017-06-07 15 	66
2017-06-07 16 	9
2017-06-07 20 	1
2017-06-08 00 	204
2017-06-08 05 	291
2017-06-08 06 	1264
2017-06-08 07 	1096
2017-06-08 08 	983
2017-06-08 09 	395
2017-06-08 10 	102
2017-06-08 11 	6
2017-06-08 14 	262
2017-06-08 15 	82
2017-06-08 16 	6
2017-06-08 17 	1
2017-06-08 18 	1
2017-06-09 00 	215
2017-06-09 05 	287
2017-06-09 06 	1262
2017-06-09 07 	1252
2017-06-09 08 	1117
2017-06-09 09 	518
2017-06-09 10 	149
2017-06-09 11 	4
2017-06-09 12 	1
2017-06-09 14 	353
2017-06-09 15 	120
2017-06-09 16 	13
2017-06-09 17 	1
2017-06-10 00 	161
2017-06-10 05 	323
2017-06-10 06 	1396
2017-06-10 07 	1381
2017-06-10 08 	1070
2017-06-10 09 	547
2017-06-10 10 	123
2017-06-10 11 	1
2017-06-10 12 	1
2017-06-10 13 	3
2017-06-10 14 	386
2017-06-10 15 	82
2017-06-10 16 	9
2017-06-10 19 	1
2017-06-10 20 	1
2017-06-11 00 	157
2017-06-11 05 	328
2017-06-11 06 	1521
2017-06-11 07 	1339
2017-06-11 08 	1006
2017-06-11 09 	521
2017-06-11 10 	182
2017-06-11 11 	13
2017-06-11 13 	18
2017-06-11 14 	340
2017-06-11 15 	74
2017-06-11 16 	6
2017-06-11 17 	1
2017-06-12 00 	164
2017-06-12 05 	273
2017-06-12 06 	1468
2017-06-12 07 	1393
2017-06-12 08 	1125
2017-06-12 09 	613
2017-06-12 10 	241
2017-06-12 13 	3
2017-06-12 14 	297
2017-06-12 15 	102
2017-06-12 16 	46
2017-06-13 00 	177
2017-06-13 05 	239
2017-06-13 06 	1410
2017-06-13 07 	1329
2017-06-13 08 	1003
2017-06-13 09 	549
2017-06-13 10 	177
2017-06-13 13 	17
2017-06-13 14 	395
2017-06-13 15 	123
2017-06-13 16 	11
2017-06-13 17 	2
2017-06-13 19 	2
2017-06-14 00 	245
2017-06-14 05 	238
2017-06-14 06 	1341
2017-06-14 07 	1359
2017-06-14 08 	1236
2017-06-14 09 	629
2017-06-14 10 	170
2017-06-14 11 	5
2017-06-14 13 	61
2017-06-14 14 	421
2017-06-14 15 	100
2017-06-14 16 	8
2017-06-14 17 	1
2017-06-14 18 	1
2017-06-15 00 	272
2017-06-15 05 	434
2017-06-15 06 	1333
2017-06-15 07 	1536
2017-06-15 08 	1294
2017-06-15 09 	694
2017-06-15 10 	191
2017-06-15 11 	1
2017-06-15 12 	1
2017-06-15 13 	55
2017-06-15 14 	285
2017-06-15 15 	242
2017-06-15 16 	6
2017-06-15 17 	2
2017-06-15 21 	1
2017-06-16 00 	278
2017-06-16 05 	503
2017-06-16 06 	1643
2017-06-16 07 	1543
2017-06-16 08 	1226
2017-06-16 09 	577
2017-06-16 10 	108
2017-06-16 11 	50
2017-06-16 13 	57
2017-06-16 14 	375
2017-06-16 15 	78
2017-06-16 16 	21
2017-06-16 17 	1
2017-06-16 18 	8
2017-06-16 21 	2
2017-06-17 00 	289
2017-06-17 05 	521
2017-06-17 06 	1713
2017-06-17 07 	1499
2017-06-17 08 	1074
2017-06-17 09 	595
2017-06-17 10 	128
2017-06-17 11 	3
2017-06-17 12 	5
2017-06-17 13 	45
2017-06-17 14 	363
2017-06-17 15 	115
2017-06-17 16 	21
2017-06-17 17 	24
2017-06-17 18 	1
2017-06-17 20 	1
2017-06-18 00 	323
2017-06-18 05 	575
2017-06-18 06 	1913
2017-06-18 07 	1459
2017-06-18 08 	1092
2017-06-18 09 	560
2017-06-18 10 	88
2017-06-18 11 	9
2017-06-18 13 	50
2017-06-18 14 	357
2017-06-18 15 	108
2017-06-18 16 	25
2017-06-18 17 	1
2017-06-18 18 	2
2017-06-18 19 	22
2017-06-18 20 	1
2017-06-19 00 	271
2017-06-19 05 	471
2017-06-19 06 	1873
2017-06-19 07 	1519
2017-06-19 08 	1260
2017-06-19 09 	640
2017-06-19 10 	119
2017-06-19 11 	1
2017-06-19 12 	1
2017-06-19 13 	72
2017-06-19 14 	456
2017-06-19 15 	204
2017-06-19 16 	26
2017-06-19 17 	3
2017-06-19 19 	16
2017-06-19 20 	4
2017-06-20 00 	271
2017-06-20 05 	572
2017-06-20 06 	1877
2017-06-20 07 	1787
2017-06-20 08 	1500
2017-06-20 09 	695
2017-06-20 10 	191
2017-06-20 11 	11
2017-06-20 12 	1
2017-06-20 13 	109
2017-06-20 14 	519
2017-06-20 15 	252
2017-06-20 16 	56
2017-06-20 17 	5
2017-06-20 19 	5
2017-06-20 20 	25
2017-06-20 21 	2
2017-06-21 00 	258
2017-06-21 05 	607
2017-06-21 06 	2068
2017-06-21 07 	1958
2017-06-21 08 	1410
2017-06-21 09 	812
2017-06-21 10 	157
2017-06-21 11 	4
2017-06-21 13 	96
2017-06-21 14 	530
2017-06-21 15 	227
2017-06-21 16 	64
2017-06-21 17 	43
2017-06-21 18 	1
2017-06-21 20 	3
2017-06-22 00 	251
2017-06-22 05 	611
2017-06-22 06 	2216
2017-06-22 07 	1962
2017-06-22 08 	1593
2017-06-22 09 	784
2017-06-22 10 	193
2017-06-22 11 	1
2017-06-22 13 	110
2017-06-22 14 	607
2017-06-22 15 	270
2017-06-22 16 	76
2017-06-22 17 	3
2017-06-22 18 	23
2017-06-22 19 	1
2017-06-22 20 	1
2017-06-23 00 	208
2017-06-23 05 	661
2017-06-23 06 	2299
2017-06-23 07 	1953
2017-06-23 08 	1562
2017-06-23 09 	790
2017-06-23 10 	226
2017-06-23 11 	4
2017-06-23 13 	89
2017-06-23 14 	518
2017-06-23 15 	348
2017-06-23 16 	45
2017-06-23 17 	7
2017-06-23 18 	15
2017-06-23 19 	7
2017-06-23 20 	12
2017-06-23 21 	1
2017-06-24 00 	161
2017-06-24 05 	678
2017-06-24 06 	2282
2017-06-24 07 	2321
2017-06-24 08 	1525
2017-06-24 09 	913
2017-06-24 10 	269
2017-06-24 11 	46
2017-06-24 13 	129
2017-06-24 14 	702
2017-06-24 15 	362
2017-06-24 16 	61
2017-06-24 17 	3
2017-06-24 18 	4
2017-06-24 19 	20
2017-06-24 20 	17
2017-06-25 00 	169
2017-06-25 04 	1
2017-06-25 05 	817
2017-06-25 06 	2504
2017-06-25 07 	2425
2017-06-25 08 	1726
2017-06-25 09 	932
2017-06-25 10 	244
2017-06-25 11 	6
2017-06-25 13 	124
2017-06-25 14 	696
2017-06-25 15 	418
2017-06-25 16 	90
2017-06-25 17 	31
2017-06-25 18 	28
2017-06-25 19 	20
2017-06-25 20 	21
2017-06-25 22 	1
2017-06-26 00 	172
2017-06-26 04 	2
2017-06-26 05 	794
2017-06-26 06 	2879
2017-06-26 07 	2529
2017-06-26 08 	1952
2017-06-26 09 	1176
2017-06-26 10 	336
2017-06-26 11 	67
2017-06-26 13 	118
2017-06-26 14 	675
2017-06-26 15 	339
2017-06-26 16 	102
2017-06-26 17 	29
2017-06-26 18 	31
2017-06-26 19 	62
2017-06-26 20 	24
2017-06-27 00 	135
2017-06-27 04 	40
2017-06-27 05 	941
2017-06-27 06 	3056
2017-06-27 07 	2554
2017-06-27 08 	2258
2017-06-27 09 	1170
2017-06-27 10 	380
2017-06-27 11 	20
2017-06-27 13 	122
2017-06-27 14 	569
2017-06-27 15 	532
2017-06-27 16 	64
2017-06-27 17 	28
2017-06-27 18 	32
2017-06-27 19 	65
2017-06-27 20 	19
2017-06-28 00 	104
2017-06-28 04 	103
2017-06-28 05 	934
2017-06-28 06 	2980
2017-06-28 07 	3221
2017-06-28 08 	2136
2017-06-28 09 	1331
2017-06-28 10 	233
2017-06-28 11 	3
2017-06-28 13 	184
2017-06-28 14 	526
2017-06-28 15 	623
2017-06-28 16 	395
2017-06-28 17 	102
2017-06-28 18 	38
2017-06-28 19 	90
2017-06-28 20 	8
2017-06-28 21 	1
2017-06-29 00 	127
2017-06-29 04 	71
2017-06-29 05 	998
2017-06-29 06 	2652
2017-06-29 07 	3112
2017-06-29 08 	2137
2017-06-29 09 	1250
2017-06-29 10 	335
2017-06-29 11 	3
2017-06-29 12 	1
2017-06-29 13 	197
2017-06-29 14 	470
2017-06-29 15 	588
2017-06-29 16 	42
2017-06-29 17 	5
2017-06-29 18 	50
2017-06-29 19 	57
2017-06-29 20 	5
2017-06-29 22 	1
2017-06-30 00 	89
2017-06-30 04 	3
2017-06-30 05 	952
2017-06-30 06 	2973
2017-06-30 07 	3095
2017-06-30 08 	2195
2017-06-30 09 	1073
2017-06-30 10 	522
2017-06-30 11 	84
2017-06-30 13 	194
2017-06-30 14 	487
2017-06-30 15 	458
2017-06-30 16 	88
2017-06-30 17 	15
2017-06-30 18 	55
2017-06-30 19 	110
2017-06-30 20 	11
2017-06-30 21 	2
2017-06-30 22 	2
2017-07-01 00 	762
2017-07-01 04 	67
2017-07-01 05 	1339
2017-07-01 06 	4163
2017-07-01 07 	4300
2017-07-01 08 	3181
2017-07-01 09 	1678
2017-07-01 10 	276
2017-07-01 11 	11
2017-07-01 12 	4
2017-07-01 13 	154
2017-07-01 14 	736
2017-07-01 15 	584
2017-07-01 16 	75
2017-07-01 17 	32
2017-07-01 18 	155
2017-07-01 19 	162
2017-07-01 20 	21
2017-07-01 21 	44
2017-07-01 22 	17
2017-07-02 00 	728
2017-07-02 04 	56
2017-07-02 05 	1632
2017-07-02 06 	4065
2017-07-02 07 	4565
2017-07-02 08 	3163
2017-07-02 09 	1819
2017-07-02 10 	542
2017-07-02 11 	3
2017-07-02 12 	2
2017-07-02 13 	174
2017-07-02 14 	595
2017-07-02 15 	655
2017-07-02 16 	51
2017-07-02 17 	27
2017-07-02 18 	148
2017-07-02 19 	224
2017-07-02 20 	8
2017-07-02 23 	1
2017-07-03 00 	710
2017-07-03 04 	35
2017-07-03 05 	1842
2017-07-03 06 	4394
2017-07-03 07 	4743
2017-07-03 08 	3373
2017-07-03 09 	1872
2017-07-03 10 	472
2017-07-03 11 	3
2017-07-03 13 	185
2017-07-03 14 	665
2017-07-03 15 	599
2017-07-03 16 	37
2017-07-03 17 	28
2017-07-03 18 	152
2017-07-03 19 	280
2017-07-03 20 	5
2017-07-04 00 	704
2017-07-04 04 	63
2017-07-04 05 	1702
2017-07-04 06 	4392
2017-07-04 07 	4858
2017-07-04 08 	3438
2017-07-04 09 	1929
2017-07-04 10 	340
2017-07-04 11 	1
2017-07-04 12 	1
2017-07-04 13 	187
2017-07-04 14 	573
2017-07-04 15 	569
2017-07-04 16 	60
2017-07-04 17 	23
2017-07-04 18 	195
2017-07-04 19 	273
2017-07-04 20 	15
2017-07-04 21 	1
2017-07-05 00 	634
2017-07-05 04 	68
2017-07-05 05 	1669
2017-07-05 06 	4770
2017-07-05 07 	4521
2017-07-05 08 	3084
2017-07-05 09 	1593
2017-07-05 10 	289
2017-07-05 11 	18
2017-07-05 12 	1
2017-07-05 13 	213
2017-07-05 14 	727
2017-07-05 15 	410
2017-07-05 16 	55
2017-07-05 17 	37
2017-07-05 18 	192
2017-07-05 19 	285
2017-07-05 20 	30
2017-07-05 21 	1
2017-07-06 00 	291
2017-07-06 04 	80
2017-07-06 05 	1708
2017-07-06 06 	4724
2017-07-06 07 	5040
2017-07-06 08 	3580
2017-07-06 09 	2017
2017-07-06 10 	430
2017-07-06 11 	37
2017-07-06 12 	2
2017-07-06 13 	246
2017-07-06 14 	631
2017-07-06 15 	897
2017-07-06 16 	124
2017-07-06 17 	67
2017-07-06 18 	245
2017-07-06 19 	452
2017-07-06 20 	31
2017-07-06 21 	2
2017-07-07 00 	168
2017-07-07 04 	34
2017-07-07 05 	1880
2017-07-07 06 	5508
2017-07-07 07 	5409
2017-07-07 08 	3465
2017-07-07 09 	1940
2017-07-07 10 	454
2017-07-07 11 	42
2017-07-07 12 	16
2017-07-07 13 	248
2017-07-07 14 	638
2017-07-07 15 	468
2017-07-07 16 	68
2017-07-07 17 	54
2017-07-07 18 	307
2017-07-07 19 	499
2017-07-07 20 	31
2017-07-07 22 	1
2017-07-08 00 	194
2017-07-08 04 	81
2017-07-08 05 	1903
2017-07-08 06 	5675
2017-07-08 07 	5434
2017-07-08 08 	3726
2017-07-08 09 	2100
2017-07-08 10 	585
2017-07-08 11 	48
2017-07-08 12 	10
2017-07-08 13 	237
2017-07-08 14 	544
2017-07-08 15 	594
2017-07-08 16 	69
2017-07-08 17 	71
2017-07-08 18 	298
2017-07-08 19 	596
2017-07-08 20 	95
2017-07-08 21 	4
2017-07-08 22 	1
2017-07-09 00 	174
2017-07-09 04 	85
2017-07-09 05 	1949
2017-07-09 06 	5777
2017-07-09 07 	6408
2017-07-09 08 	4170
2017-07-09 09 	2225
2017-07-09 10 	621
2017-07-09 11 	25
2017-07-09 13 	253
2017-07-09 14 	561
2017-07-09 15 	628
2017-07-09 16 	79
2017-07-09 17 	33
2017-07-09 18 	304
2017-07-09 19 	706
2017-07-09 20 	87
2017-07-09 21 	3
2017-07-09 22 	1
2017-07-10 00 	232
2017-07-10 04 	52
2017-07-10 05 	1881
2017-07-10 06 	6280
2017-07-10 07 	6631
2017-07-10 08 	4278
2017-07-10 09 	2249
2017-07-10 10 	783
2017-07-10 11 	28
2017-07-10 13 	279
2017-07-10 14 	553
2017-07-10 15 	680
2017-07-10 16 	57
2017-07-10 17 	28
2017-07-10 18 	375
2017-07-10 19 	672
2017-07-10 20 	105
2017-07-10 21 	2
2017-07-11 00 	251
2017-07-11 04 	46
2017-07-11 05 	2059
2017-07-11 06 	6739
2017-07-11 07 	6663
2017-07-11 08 	4456
2017-07-11 09 	2173
2017-07-11 10 	496
2017-07-11 11 	26
2017-07-11 12 	1
2017-07-11 13 	275
2017-07-11 14 	731
2017-07-11 15 	533
2017-07-11 16 	84
2017-07-11 17 	39
2017-07-11 18 	379
2017-07-11 19 	713
2017-07-11 20 	186
2017-07-11 21 	2
2017-07-12 00 	361
2017-07-12 04 	38
2017-07-12 05 	2153
2017-07-12 06 	6728
2017-07-12 07 	6958
2017-07-12 08 	4508
2017-07-12 09 	2246
2017-07-12 10 	478
2017-07-12 11 	10
2017-07-12 13 	287
2017-07-12 14 	698
2017-07-12 15 	610
2017-07-12 16 	88
2017-07-12 17 	37
2017-07-12 18 	427
2017-07-12 19 	712
2017-07-12 20 	146
2017-07-12 21 	1
2017-07-13 00 	292
2017-07-13 04 	40
2017-07-13 05 	2230
2017-07-13 06 	7340
2017-07-13 07 	7386
2017-07-13 08 	4645
2017-07-13 09 	2521
2017-07-13 10 	533
2017-07-13 11 	20
2017-07-13 13 	295
2017-07-13 14 	710
2017-07-13 15 	533
2017-07-13 16 	69
2017-07-13 17 	48
2017-07-13 18 	424
2017-07-13 19 	689
2017-07-13 20 	195
2017-07-14 00 	346
2017-07-14 04 	60
2017-07-14 05 	2262
2017-07-14 06 	7349
2017-07-14 07 	7857
2017-07-14 08 	5003
2017-07-14 09 	2350
2017-07-14 10 	524
2017-07-14 11 	27
2017-07-14 13 	315
2017-07-14 14 	672
2017-07-14 15 	547
2017-07-14 16 	42
2017-07-14 17 	34
2017-07-14 18 	414
2017-07-14 19 	763
2017-07-14 20 	194
2017-07-15 00 	285
2017-07-15 04 	14
2017-07-15 05 	2422
2017-07-15 06 	7786
2017-07-15 07 	7678
2017-07-15 08 	5021
2017-07-15 09 	2424
2017-07-15 10 	569
2017-07-15 11 	59
2017-07-15 13 	289
2017-07-15 14 	790
2017-07-15 15 	530
2017-07-15 16 	59
2017-07-15 17 	28
2017-07-15 18 	421
2017-07-15 19 	615
2017-07-15 20 	199
2017-07-16 00 	386
2017-07-16 04 	69
2017-07-16 05 	2684
2017-07-16 06 	7673
2017-07-16 07 	7933
2017-07-16 08 	5029
2017-07-16 09 	2451
2017-07-16 10 	659
2017-07-16 11 	51
2017-07-16 13 	259
2017-07-16 14 	809
2017-07-16 15 	471
2017-07-16 16 	97
2017-07-16 17 	27
2017-07-16 18 	627
2017-07-16 19 	526
2017-07-16 20 	252
2017-07-16 21 	2
2017-07-16 22 	1
2017-07-17 00 	359
2017-07-17 04 	23
2017-07-17 05 	2561
2017-07-17 06 	7718
2017-07-17 07 	7734
2017-07-17 08 	5408
2017-07-17 09 	2735
2017-07-17 10 	646
2017-07-17 11 	30
2017-07-17 13 	298
2017-07-17 14 	925
2017-07-17 15 	601
2017-07-17 16 	83
2017-07-17 17 	53
2017-07-17 18 	430
2017-07-17 19 	732
2017-07-17 20 	293
2017-07-17 21 	1
2017-07-17 22 	1
2017-07-18 00 	342
2017-07-18 04 	27
2017-07-18 05 	2450
2017-07-18 06 	7845
2017-07-18 07 	8021
2017-07-18 08 	5559
2017-07-18 09 	2862
2017-07-18 10 	658
2017-07-18 11 	56
2017-07-18 13 	308
2017-07-18 14 	1053
2017-07-18 15 	585
2017-07-18 16 	142
2017-07-18 17 	37
2017-07-18 18 	414
2017-07-18 19 	763
2017-07-18 20 	272
2017-07-19 00 	321
2017-07-19 04 	19
2017-07-19 05 	2612
2017-07-19 06 	8205
2017-07-19 07 	8124
2017-07-19 08 	5664
2017-07-19 09 	3068
2017-07-19 10 	741
2017-07-19 11 	25
2017-07-19 13 	276
2017-07-19 14 	973
2017-07-19 15 	549
2017-07-19 16 	108
2017-07-19 17 	32
2017-07-19 18 	471
2017-07-19 19 	583
2017-07-19 20 	318
2017-07-19 21 	2
2017-07-20 00 	344
2017-07-20 04 	18
2017-07-20 05 	2990
2017-07-20 06 	8697
2017-07-20 07 	8802
2017-07-20 08 	5946
2017-07-20 09 	2874
2017-07-20 10 	627
2017-07-20 11 	31
2017-07-20 13 	294
2017-07-20 14 	991
2017-07-20 15 	609
2017-07-20 16 	156
2017-07-20 17 	31
2017-07-20 18 	465
2017-07-20 19 	716
2017-07-20 20 	343
2017-07-20 21 	2
2017-07-20 22 	1
2017-07-21 00 	316
2017-07-21 04 	17
2017-07-21 05 	3040
2017-07-21 06 	9405
2017-07-21 07 	9126
2017-07-21 08 	6008
2017-07-21 09 	3112
2017-07-21 10 	787
2017-07-21 11 	23
2017-07-21 13 	302
2017-07-21 14 	979
2017-07-21 15 	516
2017-07-21 16 	176
2017-07-21 17 	32
2017-07-21 18 	580
2017-07-21 19 	690
2017-07-21 20 	331
2017-07-21 21 	1
2017-07-21 22 	1
2017-07-22 00 	392
2017-07-22 04 	19
2017-07-22 05 	3240
2017-07-22 06 	9185
2017-07-22 07 	9212
2017-07-22 08 	6103
2017-07-22 09 	2986
2017-07-22 10 	780
2017-07-22 11 	14
2017-07-22 12 	1
2017-07-22 13 	290
2017-07-22 14 	866
2017-07-22 15 	555
2017-07-22 16 	79
2017-07-22 17 	27
2017-07-22 18 	609
2017-07-22 19 	627
2017-07-22 20 	440
2017-07-22 21 	2
2017-07-22 22 	3
2017-07-23 00 	390
2017-07-23 04 	45
2017-07-23 05 	3352
2017-07-23 06 	9158
2017-07-23 07 	9670
2017-07-23 08 	6279
2017-07-23 09 	3213
2017-07-23 10 	821
2017-07-23 11 	9
2017-07-23 12 	2
2017-07-23 13 	287
2017-07-23 14 	910
2017-07-23 15 	532
2017-07-23 16 	165
2017-07-23 17 	38
2017-07-23 18 	506
2017-07-23 19 	789
2017-07-23 20 	330
2017-07-23 21 	3
2017-07-23 23 	1
2017-07-24 00 	336
2017-07-24 04 	23
2017-07-24 05 	3439
2017-07-24 06 	9119
2017-07-24 07 	9649
2017-07-24 08 	6646
2017-07-24 09 	3467
2017-07-24 10 	904
2017-07-24 11 	22
2017-07-24 13 	302
2017-07-24 14 	852
2017-07-24 15 	631
2017-07-24 16 	210
2017-07-24 17 	39
2017-07-24 18 	534
2017-07-24 19 	931
2017-07-24 20 	374
2017-07-24 21 	4
2017-07-25 00 	351
2017-07-25 04 	44
2017-07-25 05 	3501
2017-07-25 06 	9187
2017-07-25 07 	9552
2017-07-25 08 	6884
2017-07-25 09 	3432
2017-07-25 10 	966
2017-07-25 11 	11
2017-07-25 13 	305
2017-07-25 14 	842
2017-07-25 15 	521
2017-07-25 16 	222
2017-07-25 17 	30
2017-07-25 18 	564
2017-07-25 19 	915
2017-07-25 20 	355
2017-07-25 21 	2
2017-07-25 23 	1
2017-07-26 00 	323
2017-07-26 04 	15
2017-07-26 05 	3366
2017-07-26 06 	9293
2017-07-26 07 	9751
2017-07-26 08 	6625
2017-07-26 09 	3431
2017-07-26 10 	786
2017-07-26 11 	23
2017-07-26 13 	251
2017-07-26 14 	788
2017-07-26 15 	664
2017-07-26 16 	253
2017-07-26 17 	45
2017-07-26 18 	582
2017-07-26 19 	913
2017-07-26 20 	370
2017-07-27 00 	331
2017-07-27 04 	30
2017-07-27 05 	3659
2017-07-27 06 	9352
2017-07-27 07 	9801
2017-07-27 08 	6501
2017-07-27 09 	3293
2017-07-27 10 	883
2017-07-27 11 	23
2017-07-27 12 	1
2017-07-27 13 	248
2017-07-27 14 	778
2017-07-27 15 	612
2017-07-27 16 	201
2017-07-27 17 	55
2017-07-27 18 	624
2017-07-27 19 	822
2017-07-27 20 	387
2017-07-27 22 	3
2017-07-28 00 	332
2017-07-28 04 	12
2017-07-28 05 	3642
2017-07-28 06 	9584
2017-07-28 07 	10026
2017-07-28 08 	6470
2017-07-28 09 	3198
2017-07-28 10 	852
2017-07-28 11 	10
2017-07-28 12 	1
2017-07-28 13 	249
2017-07-28 14 	741
2017-07-28 15 	611
2017-07-28 16 	152
2017-07-28 17 	48
2017-07-28 18 	585
2017-07-28 19 	851
2017-07-28 20 	353
2017-07-28 22 	1
2017-07-29 00 	311
2017-07-29 04 	20
2017-07-29 05 	3517
2017-07-29 06 	9255
2017-07-29 07 	9964
2017-07-29 08 	6358
2017-07-29 09 	3223
2017-07-29 10 	779
2017-07-29 11 	16
2017-07-29 12 	12
2017-07-29 13 	319
2017-07-29 14 	731
2017-07-29 15 	434
2017-07-29 16 	156
2017-07-29 17 	78
2017-07-29 18 	551
2017-07-29 19 	849
2017-07-29 20 	329
2017-07-29 21 	1
2017-07-29 22 	1
2017-07-30 00 	323
2017-07-30 04 	19
2017-07-30 05 	3552
2017-07-30 06 	9519
2017-07-30 07 	9924
2017-07-30 08 	6375
2017-07-30 09 	3111
2017-07-30 10 	834
2017-07-30 11 	15
2017-07-30 13 	260
2017-07-30 14 	747
2017-07-30 15 	604
2017-07-30 16 	110
2017-07-30 17 	47
2017-07-30 18 	530
2017-07-30 19 	856
2017-07-30 20 	288
2017-07-30 21 	1
2017-07-31 00 	293
2017-07-31 04 	9
2017-07-31 05 	3727
2017-07-31 06 	9905
2017-07-31 07 	10382
2017-07-31 08 	6789
2017-07-31 09 	3378
2017-07-31 10 	840
2017-07-31 11 	11
2017-07-31 12 	1
2017-07-31 13 	234
2017-07-31 14 	755
2017-07-31 15 	602
2017-07-31 16 	190
2017-07-31 17 	56
2017-07-31 18 	620
2017-07-31 19 	825
2017-07-31 20 	317
2017-08-01 00 	1049
2017-08-01 04 	14
2017-08-01 05 	3748
2017-08-01 06 	11105
2017-08-01 07 	11334
2017-08-01 08 	8479
2017-08-01 09 	4498
2017-08-01 10 	1092
2017-08-01 11 	24
2017-08-01 13 	220
2017-08-01 14 	1034
2017-08-01 15 	1049
2017-08-01 16 	232
2017-08-01 17 	62
2017-08-01 18 	630
2017-08-01 19 	1130
2017-08-01 20 	439
2017-08-01 21 	1
2017-08-01 22 	3
2017-08-02 00 	1118
2017-08-02 04 	7
2017-08-02 05 	4335
2017-08-02 06 	11465
2017-08-02 07 	12120
2017-08-02 08 	8441
2017-08-02 09 	4490
2017-08-02 10 	1223
2017-08-02 11 	37
2017-08-02 12 	2
2017-08-02 13 	238
2017-08-02 14 	1063
2017-08-02 15 	834
2017-08-02 16 	249
2017-08-02 17 	52
2017-08-02 18 	745
2017-08-02 19 	975
2017-08-02 20 	431
2017-08-02 21 	2
2017-08-03 00 	1061
2017-08-03 04 	5
2017-08-03 05 	4424
2017-08-03 06 	11981
2017-08-03 07 	12470
2017-08-03 08 	8914
2017-08-03 09 	4851
2017-08-03 10 	1285
2017-08-03 11 	23
2017-08-03 12 	1
2017-08-03 13 	255
2017-08-03 14 	1099
2017-08-03 15 	918
2017-08-03 16 	227
2017-08-03 17 	51
2017-08-03 18 	753
2017-08-03 19 	1023
2017-08-03 20 	424
2017-08-03 21 	2
2017-08-04 00 	928
2017-08-04 04 	6
2017-08-04 05 	4990
2017-08-04 06 	11925
2017-08-04 07 	13312
2017-08-04 08 	9571
2017-08-04 09 	4914
2017-08-04 10 	1259
2017-08-04 11 	18
2017-08-04 12 	2
2017-08-04 13 	248
2017-08-04 14 	1234
2017-08-04 15 	992
2017-08-04 16 	235
2017-08-04 17 	72
2017-08-04 18 	870
2017-08-04 19 	1003
2017-08-04 20 	472
2017-08-04 21 	1
2017-08-05 00 	871
2017-08-05 04 	56
2017-08-05 05 	5074
2017-08-05 06 	12685
2017-08-05 07 	13188
2017-08-05 08 	9127
2017-08-05 09 	4668
2017-08-05 10 	1400
2017-08-05 11 	23
2017-08-05 12 	2
2017-08-05 13 	264
2017-08-05 14 	1060
2017-08-05 15 	836
2017-08-05 16 	212
2017-08-05 17 	60
2017-08-05 18 	612
2017-08-05 19 	1017
2017-08-05 20 	352
2017-08-05 21 	2
2017-08-06 00 	1004
2017-08-06 04 	2
2017-08-06 05 	5241
2017-08-06 06 	12842
2017-08-06 07 	13529
2017-08-06 08 	9299
2017-08-06 09 	4593
2017-08-06 10 	1307
2017-08-06 11 	15
2017-08-06 12 	1
2017-08-06 13 	261
2017-08-06 14 	1064
2017-08-06 15 	992
2017-08-06 16 	229
2017-08-06 17 	53
2017-08-06 18 	871
2017-08-06 19 	1062
2017-08-06 20 	442
2017-08-07 00 	907
2017-08-07 04 	21
2017-08-07 05 	5074
2017-08-07 06 	13338
2017-08-07 07 	14067
2017-08-07 08 	9633
2017-08-07 09 	4957
2017-08-07 10 	1467
2017-08-07 11 	41
2017-08-07 12 	3
2017-08-07 13 	270
2017-08-07 14 	958
2017-08-07 15 	1115
2017-08-07 16 	291
2017-08-07 17 	52
2017-08-07 18 	1111
2017-08-07 19 	1151
2017-08-07 20 	469
2017-08-07 21 	3
2017-08-08 00 	789
2017-08-08 04 	4
2017-08-08 05 	4857
2017-08-08 06 	13185
2017-08-08 07 	14190
2017-08-08 08 	10032
2017-08-08 09 	4939
2017-08-08 10 	1432
2017-08-08 11 	7
2017-08-08 12 	2
2017-08-08 13 	243
2017-08-08 14 	1051
2017-08-08 15 	937
2017-08-08 16 	338
2017-08-08 17 	80
2017-08-08 18 	1064
2017-08-08 19 	1056
2017-08-08 20 	443
2017-08-08 21 	5
2017-08-09 00 	765
2017-08-09 04 	17
2017-08-09 05 	4883
2017-08-09 06 	13402
2017-08-09 07 	14571
2017-08-09 08 	9851
2017-08-09 09 	5000
2017-08-09 10 	1489
2017-08-09 11 	5
2017-08-09 12 	1
2017-08-09 13 	258
2017-08-09 14 	1005
2017-08-09 15 	957
2017-08-09 16 	330
2017-08-09 17 	44
2017-08-09 18 	1055
2017-08-09 19 	1268
2017-08-09 20 	445
2017-08-09 21 	2
2017-08-09 22 	2
2017-08-10 00 	640
2017-08-10 04 	6
2017-08-10 05 	5069
2017-08-10 06 	14550
2017-08-10 07 	14763
2017-08-10 08 	10211
2017-08-10 09 	5263
2017-08-10 10 	1441
2017-08-10 11 	49
2017-08-10 13 	290
2017-08-10 14 	1002
2017-08-10 15 	1064
2017-08-10 16 	372
2017-08-10 17 	159
2017-08-10 18 	1121
2017-08-10 19 	1159
2017-08-10 20 	450
2017-08-10 22 	1
2017-08-11 00 	1523
2017-08-11 04 	7
2017-08-11 05 	4734
2017-08-11 06 	14573
2017-08-11 07 	14901
2017-08-11 08 	9936
2017-08-11 09 	5016
2017-08-11 10 	1400
2017-08-11 11 	10
2017-08-11 12 	1
2017-08-11 13 	279
2017-08-11 14 	1141
2017-08-11 15 	1079
2017-08-11 16 	468
2017-08-11 17 	50
2017-08-11 18 	1124
2017-08-11 19 	1024
2017-08-11 20 	538
2017-08-11 21 	1
2017-08-12 00 	599
2017-08-12 04 	12
2017-08-12 05 	4849
2017-08-12 06 	14851
2017-08-12 07 	15310
2017-08-12 08 	10286
2017-08-12 09 	5256
2017-08-12 10 	1540
2017-08-12 11 	27
2017-08-12 12 	2
2017-08-12 13 	309
2017-08-12 14 	1100
2017-08-12 15 	1087
2017-08-12 16 	414
2017-08-12 17 	45
2017-08-12 18 	1236
2017-08-12 19 	1043
2017-08-12 20 	567
2017-08-13 00 	889
2017-08-13 05 	4725
2017-08-13 06 	15137
2017-08-13 07 	15698
2017-08-13 08 	10454
2017-08-13 09 	5033
2017-08-13 10 	1542
2017-08-13 11 	92
2017-08-13 12 	1
2017-08-13 13 	277
2017-08-13 14 	1130
2017-08-13 15 	1016
2017-08-13 16 	252
2017-08-13 17 	33
2017-08-13 18 	1093
2017-08-13 19 	1198
2017-08-13 20 	509
2017-08-13 21 	4
2017-08-13 22 	22
2017-08-13 23 	94
2017-08-14 00 	529
2017-08-14 04 	14
2017-08-14 05 	4887
2017-08-14 06 	15526
2017-08-14 07 	16639
2017-08-14 08 	10622
2017-08-14 09 	5507
2017-08-14 10 	1732
2017-08-14 11 	49
2017-08-14 12 	3
2017-08-14 13 	275
2017-08-14 14 	1235
2017-08-14 15 	1049
2017-08-14 16 	284
2017-08-14 17 	39
2017-08-14 18 	1242
2017-08-14 19 	1219
2017-08-14 20 	556
2017-08-14 21 	4
2017-08-15 00 	600
2017-08-15 05 	5272
2017-08-15 06 	15566
2017-08-15 07 	16652
2017-08-15 08 	11046
2017-08-15 09 	5696
2017-08-15 10 	1626
2017-08-15 11 	32
2017-08-15 12 	2
2017-08-15 13 	275
2017-08-15 14 	1210
2017-08-15 15 	1161
2017-08-15 16 	393
2017-08-15 17 	54
2017-08-15 18 	1048
2017-08-15 19 	1406
2017-08-15 20 	582
2017-08-16 00 	697
2017-08-16 04 	55
2017-08-16 05 	5081
2017-08-16 06 	16087
2017-08-16 07 	17127
2017-08-16 08 	11281
2017-08-16 09 	5881
2017-08-16 10 	1490
2017-08-16 11 	38
2017-08-16 13 	240
2017-08-16 14 	1151
2017-08-16 15 	1035
2017-08-16 16 	394
2017-08-16 17 	40
2017-08-16 18 	1203
2017-08-16 19 	1433
2017-08-16 20 	624
2017-08-16 21 	4
2017-08-17 00 	605
2017-08-17 04 	23
2017-08-17 05 	5299
2017-08-17 06 	16588
2017-08-17 07 	17146
2017-08-17 08 	11718
2017-08-17 09 	6003
2017-08-17 10 	1740
2017-08-17 11 	29
2017-08-17 12 	2
2017-08-17 13 	318
2017-08-17 14 	1079
2017-08-17 15 	1124
2017-08-17 16 	389
2017-08-17 17 	90
2017-08-17 18 	974
2017-08-17 19 	1654
2017-08-17 20 	569
2017-08-17 22 	1
2017-08-17 23 	1
2017-08-18 00 	612
2017-08-18 04 	17
2017-08-18 05 	5394
2017-08-18 06 	16414
2017-08-18 07 	17374
2017-08-18 08 	11665
2017-08-18 09 	5993
2017-08-18 10 	1685
2017-08-18 11 	58
2017-08-18 13 	293
2017-08-18 14 	1164
2017-08-18 15 	1152
2017-08-18 16 	364
2017-08-18 17 	83
2017-08-18 18 	1017
2017-08-18 19 	1667
2017-08-18 20 	638
2017-08-18 21 	3
2017-08-19 00 	535
2017-08-19 04 	26
2017-08-19 05 	5031
2017-08-19 06 	16492
2017-08-19 07 	17859
2017-08-19 08 	11566
2017-08-19 09 	6190
2017-08-19 10 	1592
2017-08-19 11 	60
2017-08-19 12 	2
2017-08-19 13 	302
2017-08-19 14 	1106
2017-08-19 15 	1308
2017-08-19 16 	307
2017-08-19 17 	94
2017-08-19 18 	881
2017-08-19 19 	1531
2017-08-19 20 	526
2017-08-19 21 	1
2017-08-19 22 	3
2017-08-20 00 	780
2017-08-20 04 	71
2017-08-20 05 	5172
2017-08-20 06 	16270
2017-08-20 07 	17511
2017-08-20 08 	11835
2017-08-20 09 	5809
2017-08-20 10 	1637
2017-08-20 11 	36
2017-08-20 12 	5
2017-08-20 13 	305
2017-08-20 14 	946
2017-08-20 15 	1043
2017-08-20 16 	373
2017-08-20 17 	73
2017-08-20 18 	918
2017-08-20 19 	1608
2017-08-20 20 	565
2017-08-20 21 	7
2017-08-21 00 	631
2017-08-21 04 	10
2017-08-21 05 	5273
2017-08-21 06 	16353
2017-08-21 07 	17524
2017-08-21 08 	11513
2017-08-21 09 	5976
2017-08-21 10 	1635
2017-08-21 11 	76
2017-08-21 13 	287
2017-08-21 14 	1047
2017-08-21 15 	1373
2017-08-21 16 	313
2017-08-21 17 	85
2017-08-21 18 	1005
2017-08-21 19 	1666
2017-08-21 20 	506
2017-08-21 21 	69
2017-08-22 00 	1370
2017-08-22 04 	8
2017-08-22 05 	5273
2017-08-22 06 	16397
2017-08-22 07 	17408
2017-08-22 08 	11817
2017-08-22 09 	6127
2017-08-22 10 	1575
2017-08-22 11 	52
2017-08-22 12 	4
2017-08-22 13 	318
2017-08-22 14 	989
2017-08-22 15 	1127
2017-08-22 16 	315
2017-08-22 17 	92
2017-08-22 18 	1028
2017-08-22 19 	1637
2017-08-22 20 	408
2017-08-22 21 	27
2017-08-23 00 	614
2017-08-23 05 	5306
2017-08-23 06 	16437
2017-08-23 07 	17294
2017-08-23 08 	11763
2017-08-23 09 	6250
2017-08-23 10 	1683
2017-08-23 11 	78
2017-08-23 13 	296
2017-08-23 14 	1046
2017-08-23 15 	1209
2017-08-23 16 	317
2017-08-23 17 	130
2017-08-23 18 	964
2017-08-23 19 	1643
2017-08-23 20 	531
2017-08-23 21 	15
2017-08-23 22 	1
2017-08-23 23 	1
2017-08-24 00 	626
2017-08-24 05 	5130
2017-08-24 06 	16427
2017-08-24 07 	18010
2017-08-24 08 	11952
2017-08-24 09 	6299
2017-08-24 10 	1755
2017-08-24 11 	55
2017-08-24 12 	3
2017-08-24 13 	243
2017-08-24 14 	1125
2017-08-24 15 	1187
2017-08-24 16 	312
2017-08-24 17 	110
2017-08-24 18 	964
2017-08-24 19 	1744
2017-08-24 20 	565
2017-08-24 21 	3
2017-08-25 00 	619
2017-08-25 04 	35
2017-08-25 05 	5294
2017-08-25 06 	16529
2017-08-25 07 	18158
2017-08-25 08 	12380
2017-08-25 09 	6369
2017-08-25 10 	1551
2017-08-25 11 	122
2017-08-25 13 	181
2017-08-25 14 	1024
2017-08-25 15 	1366
2017-08-25 16 	242
2017-08-25 17 	117
2017-08-25 18 	921
2017-08-25 19 	1504
2017-08-25 20 	603
2017-08-25 21 	12
2017-08-25 22 	1
2017-08-26 00 	625
2017-08-26 05 	5520
2017-08-26 06 	16794
2017-08-26 07 	18177
2017-08-26 08 	12211
2017-08-26 09 	6628
2017-08-26 10 	1653
2017-08-26 11 	95
2017-08-26 13 	311
2017-08-26 14 	994
2017-08-26 15 	1182
2017-08-26 16 	282
2017-08-26 17 	82
2017-08-26 18 	900
2017-08-26 19 	1652
2017-08-26 20 	530
2017-08-26 21 	13
2017-08-26 22 	3
2017-08-26 23 	2
2017-08-27 00 	697
2017-08-27 04 	14
2017-08-27 05 	5450
2017-08-27 06 	16858
2017-08-27 07 	18349
2017-08-27 08 	12270
2017-08-27 09 	6376
2017-08-27 10 	1710
2017-08-27 11 	49
2017-08-27 12 	1
2017-08-27 13 	268
2017-08-27 14 	1091
2017-08-27 15 	1285
2017-08-27 16 	299
2017-08-27 17 	93
2017-08-27 18 	974
2017-08-27 19 	1339
2017-08-27 20 	544
2017-08-27 21 	13
2017-08-28 00 	593
2017-08-28 04 	2
2017-08-28 05 	5770
2017-08-28 06 	17587
2017-08-28 07 	18848
2017-08-28 08 	12283
2017-08-28 09 	6478
2017-08-28 10 	1702
2017-08-28 11 	52
2017-08-28 12 	5
2017-08-28 13 	322
2017-08-28 14 	960
2017-08-28 15 	1400
2017-08-28 16 	374
2017-08-28 17 	99
2017-08-28 18 	946
2017-08-28 19 	1724
2017-08-28 20 	566
2017-08-28 21 	14
2017-08-29 00 	569
2017-08-29 04 	21
2017-08-29 05 	5550
2017-08-29 06 	18073
2017-08-29 07 	18929
2017-08-29 08 	12807
2017-08-29 09 	6814
2017-08-29 10 	1719
2017-08-29 11 	64
2017-08-29 12 	1
2017-08-29 13 	296
2017-08-29 14 	1126
2017-08-29 15 	1459
2017-08-29 16 	179
2017-08-29 17 	74
2017-08-29 18 	1109
2017-08-29 19 	1747
2017-08-29 20 	579
2017-08-29 21 	6
2017-08-29 23 	1
2017-08-30 00 	516
2017-08-30 04 	7
2017-08-30 05 	5629
2017-08-30 06 	17794
2017-08-30 07 	19225
2017-08-30 08 	13228
2017-08-30 09 	6915
2017-08-30 10 	1779
2017-08-30 11 	79
2017-08-30 12 	2
2017-08-30 13 	353
2017-08-30 14 	1173
2017-08-30 15 	1510
2017-08-30 16 	314
2017-08-30 17 	77
2017-08-30 18 	1239
2017-08-30 19 	1728
2017-08-30 20 	564
2017-08-30 21 	8
2017-08-30 22 	5
2017-08-31 00 	507
2017-08-31 04 	15
2017-08-31 05 	5469
2017-08-31 06 	18389
2017-08-31 07 	18884
2017-08-31 08 	13317
2017-08-31 09 	6936
2017-08-31 10 	1900
2017-08-31 11 	55
2017-08-31 12 	4
2017-08-31 13 	259
2017-08-31 14 	1157
2017-08-31 15 	1386
2017-08-31 16 	375
2017-08-31 17 	95
2017-08-31 18 	1255
2017-08-31 19 	1675
2017-08-31 20 	589
2017-08-31 21 	10
2017-09-01 00 	1603
2017-09-01 04 	17
2017-09-01 05 	5428
2017-09-01 06 	18746
2017-09-01 07 	21458
2017-09-01 08 	15805
2017-09-01 09 	8208
2017-09-01 10 	2190
2017-09-01 11 	85
2017-09-01 12 	2
2017-09-01 13 	324
2017-09-01 14 	1531
2017-09-01 15 	1572
2017-09-01 16 	352
2017-09-01 17 	65
2017-09-01 18 	1172
2017-09-01 19 	1834
2017-09-01 20 	406
2017-09-01 21 	42
2017-09-01 22 	1
2017-09-01 23 	1
2017-09-02 00 	1433
2017-09-02 04 	33
2017-09-02 05 	5666
2017-09-02 06 	20147
2017-09-02 07 	22377
2017-09-02 08 	15798
2017-09-02 09 	7922
2017-09-02 10 	2467
2017-09-02 11 	42
2017-09-02 12 	3
2017-09-02 13 	319
2017-09-02 14 	1608
2017-09-02 15 	1525
2017-09-02 16 	387
2017-09-02 17 	95
2017-09-02 18 	1229
2017-09-02 19 	1787
2017-09-02 20 	505
2017-09-02 21 	7
2017-09-02 22 	1
2017-09-03 00 	1129
2017-09-03 04 	33
2017-09-03 05 	6128
2017-09-03 06 	20471
2017-09-03 07 	22500
2017-09-03 08 	16073
2017-09-03 09 	8039
2017-09-03 10 	2331
2017-09-03 11 	46
2017-09-03 12 	2
2017-09-03 13 	318
2017-09-03 14 	1654
2017-09-03 15 	1564
2017-09-03 16 	189
2017-09-03 17 	85
2017-09-03 18 	1394
2017-09-03 19 	1841
2017-09-03 20 	533
2017-09-03 21 	18
2017-09-04 00 	978
2017-09-04 04 	14
2017-09-04 05 	5886
2017-09-04 06 	20202
2017-09-04 07 	22931
2017-09-04 08 	17703
2017-09-04 09 	9131
2017-09-04 10 	2441
2017-09-04 11 	47
2017-09-04 12 	1
2017-09-04 13 	360
2017-09-04 14 	2005
2017-09-04 15 	1842
2017-09-04 16 	241
2017-09-04 17 	93
2017-09-04 18 	1513
2017-09-04 19 	1987
2017-09-04 20 	512
2017-09-04 21 	3
2017-09-04 22 	1
2017-09-05 00 	940
2017-09-05 04 	1
2017-09-05 05 	5956
2017-09-05 06 	20277
2017-09-05 07 	22933
2017-09-05 08 	17976
2017-09-05 09 	9327
2017-09-05 10 	2449
2017-09-05 11 	97
2017-09-05 12 	5
2017-09-05 13 	390
2017-09-05 14 	1970
2017-09-05 15 	1939
2017-09-05 16 	248
2017-09-05 17 	117
2017-09-05 18 	1339
2017-09-05 19 	2039
2017-09-05 20 	597
2017-09-05 21 	1
2017-09-05 22 	7
2017-09-05 23 	1
2017-09-06 00 	902
2017-09-06 05 	5793
2017-09-06 06 	20617
2017-09-06 07 	23435
2017-09-06 08 	18253
2017-09-06 09 	9657
2017-09-06 10 	2574
2017-09-06 11 	111
2017-09-06 12 	9
2017-09-06 13 	309
2017-09-06 14 	2172
2017-09-06 15 	1964
2017-09-06 16 	394
2017-09-06 17 	139
2017-09-06 18 	1459
2017-09-06 19 	1952
2017-09-06 20 	557
2017-09-06 21 	12
2017-09-07 00 	923
2017-09-07 04 	37
2017-09-07 05 	5636
2017-09-07 06 	20822
2017-09-07 07 	23807
2017-09-07 08 	18478
2017-09-07 09 	9589
2017-09-07 10 	2782
2017-09-07 11 	123
2017-09-07 12 	3
2017-09-07 13 	338
2017-09-07 14 	2225
2017-09-07 15 	1818
2017-09-07 16 	340
2017-09-07 17 	101
2017-09-07 18 	1442
2017-09-07 19 	1989
2017-09-07 20 	620
2017-09-07 21 	11
2017-09-07 22 	1
2017-09-08 00 	1004
2017-09-08 04 	34
2017-09-08 05 	5972
2017-09-08 06 	21146
2017-09-08 07 	23868
2017-09-08 08 	18982
2017-09-08 09 	9811
2017-09-08 10 	2785
2017-09-08 11 	123
2017-09-08 13 	314
2017-09-08 14 	2192
2017-09-08 15 	2006
2017-09-08 16 	329
2017-09-08 17 	101
2017-09-08 18 	1363
2017-09-08 19 	2165
2017-09-08 20 	475
2017-09-09 00 	949
2017-09-09 04 	20
2017-09-09 05 	6026
2017-09-09 06 	22143
2017-09-09 07 	24070
2017-09-09 08 	18300
2017-09-09 09 	9153
2017-09-09 10 	2581
2017-09-09 11 	111
2017-09-09 12 	7
2017-09-09 13 	318
2017-09-09 14 	2156
2017-09-09 15 	1961
2017-09-09 16 	230
2017-09-09 17 	123
2017-09-09 18 	1450
2017-09-09 19 	1915
2017-09-09 20 	585
2017-09-09 21 	12
2017-09-09 22 	6
2017-09-10 00 	959
2017-09-10 04 	1
2017-09-10 05 	6183
2017-09-10 06 	22445
2017-09-10 07 	24035
2017-09-10 08 	18504
2017-09-10 09 	9204
2017-09-10 10 	2694
2017-09-10 11 	119
2017-09-10 12 	1
2017-09-10 13 	409
2017-09-10 14 	2261
2017-09-10 15 	1572
2017-09-10 16 	297
2017-09-10 17 	93
2017-09-10 18 	1410
2017-09-10 19 	1825
2017-09-10 20 	596
2017-09-10 21 	11
2017-09-10 22 	1
2017-09-11 00 	915
2017-09-11 04 	17
2017-09-11 05 	6184
2017-09-11 06 	21276
2017-09-11 07 	24745
2017-09-11 08 	19596
2017-09-11 09 	10054
2017-09-11 10 	3172
2017-09-11 11 	106
2017-09-11 12 	3
2017-09-11 13 	302
2017-09-11 14 	2377
2017-09-11 15 	2205
2017-09-11 16 	223
2017-09-11 17 	90
2017-09-11 18 	1467
2017-09-11 19 	1754
2017-09-11 20 	660
2017-09-11 21 	12
2017-09-11 22 	3
2017-09-11 23 	1
2017-09-12 00 	837
2017-09-12 04 	24
2017-09-12 05 	6391
2017-09-12 06 	21287
2017-09-12 07 	25470
2017-09-12 08 	19595
2017-09-12 09 	10113
2017-09-12 10 	3207
2017-09-12 11 	153
2017-09-12 12 	2
2017-09-12 13 	360
2017-09-12 14 	2469
2017-09-12 15 	2205
2017-09-12 16 	269
2017-09-12 17 	85
2017-09-12 18 	1772
2017-09-12 19 	1865
2017-09-12 20 	619
2017-09-12 21 	6
2017-09-12 23 	2
2017-09-13 00 	897
2017-09-13 04 	15
2017-09-13 05 	6540
2017-09-13 06 	21313
2017-09-13 07 	24817
2017-09-13 08 	20104
2017-09-13 09 	10532
2017-09-13 10 	3091
2017-09-13 11 	86
2017-09-13 12 	5
2017-09-13 13 	392
2017-09-13 14 	2595
2017-09-13 15 	2287
2017-09-13 16 	290
2017-09-13 17 	123
2017-09-13 18 	1742
2017-09-13 19 	1795
2017-09-13 20 	617
2017-09-13 21 	9
2017-09-13 22 	4
2017-09-14 00 	910
2017-09-14 04 	6
2017-09-14 05 	6610
2017-09-14 06 	21467
2017-09-14 07 	25637
2017-09-14 08 	20782
2017-09-14 09 	10770
2017-09-14 10 	3212
2017-09-14 11 	122
2017-09-14 12 	2
2017-09-14 13 	414
2017-09-14 14 	2734
2017-09-14 15 	2285
2017-09-14 16 	312
2017-09-14 17 	130
2017-09-14 18 	1926
2017-09-14 19 	1578
2017-09-14 20 	573
2017-09-14 21 	3
2017-09-15 00 	908
2017-09-15 04 	20
2017-09-15 05 	6499
2017-09-15 06 	22034
2017-09-15 07 	24987
2017-09-15 08 	20251
2017-09-15 09 	10542
2017-09-15 10 	3021
2017-09-15 11 	86
2017-09-15 12 	7
2017-09-15 13 	436
2017-09-15 14 	2869
2017-09-15 15 	2177
2017-09-15 16 	252
2017-09-15 17 	137
2017-09-15 18 	1850
2017-09-15 19 	1788
2017-09-15 20 	548
2017-09-15 21 	3
2017-09-15 22 	1
2017-09-16 00 	1200
2017-09-16 04 	45
2017-09-16 05 	6971
2017-09-16 06 	23100
2017-09-16 07 	25288
2017-09-16 08 	18688
2017-09-16 09 	10111
2017-09-16 10 	2602
2017-09-16 11 	56
2017-09-16 12 	5
2017-09-16 13 	427
2017-09-16 14 	2731
2017-09-16 15 	2233
2017-09-16 16 	268
2017-09-16 17 	177
2017-09-16 18 	1597
2017-09-16 19 	1916
2017-09-16 20 	622
2017-09-16 21 	2
2017-09-16 22 	2
2017-09-17 00 	1071
2017-09-17 04 	29
2017-09-17 05 	7267
2017-09-17 06 	23383
2017-09-17 07 	25300
2017-09-17 08 	18715
2017-09-17 09 	10003
2017-09-17 10 	2721
2017-09-17 11 	36
2017-09-17 12 	1
2017-09-17 13 	409
2017-09-17 14 	2853
2017-09-17 15 	2112
2017-09-17 16 	373
2017-09-17 17 	237
2017-09-17 18 	1662
2017-09-17 19 	1897
2017-09-17 20 	620
2017-09-17 21 	11
2017-09-18 00 	933
2017-09-18 03 	1
2017-09-18 04 	55
2017-09-18 05 	6781
2017-09-18 06 	21822
2017-09-18 07 	26104
2017-09-18 08 	19951
2017-09-18 09 	10720
2017-09-18 10 	3112
2017-09-18 11 	25
2017-09-18 12 	2
2017-09-18 13 	392
2017-09-18 14 	3130
2017-09-18 15 	2262
2017-09-18 16 	282
2017-09-18 17 	176
2017-09-18 18 	1611
2017-09-18 19 	2082
2017-09-18 20 	606
2017-09-18 21 	4
2017-09-19 00 	937
2017-09-19 04 	39
2017-09-19 05 	6169
2017-09-19 06 	21872
2017-09-19 07 	25652
2017-09-19 08 	20535
2017-09-19 09 	10495
2017-09-19 10 	3122
2017-09-19 11 	50
2017-09-19 12 	1
2017-09-19 13 	411
2017-09-19 14 	3100
2017-09-19 15 	2067
2017-09-19 16 	462
2017-09-19 17 	225
2017-09-19 18 	1871
2017-09-19 19 	1858
2017-09-19 20 	554
2017-09-19 21 	3
2017-09-19 22 	1
2017-09-20 00 	951
2017-09-20 04 	31
2017-09-20 05 	6057
2017-09-20 06 	22252
2017-09-20 07 	25372
2017-09-20 08 	20673
2017-09-20 09 	10459
2017-09-20 10 	3044
2017-09-20 11 	59
2017-09-20 12 	1
2017-09-20 13 	486
2017-09-20 14 	3179
2017-09-20 15 	2142
2017-09-20 16 	421
2017-09-20 17 	168
2017-09-20 18 	1813
2017-09-20 19 	1739
2017-09-20 20 	480
2017-09-20 21 	3
2017-09-20 22 	1
2017-09-21 00 	982
2017-09-21 04 	22
2017-09-21 05 	5955
2017-09-21 06 	21930
2017-09-21 07 	25968
2017-09-21 08 	20377
2017-09-21 09 	10646
2017-09-21 10 	3272
2017-09-21 11 	44
2017-09-21 12 	3
2017-09-21 13 	404
2017-09-21 14 	2957
2017-09-21 15 	2332
2017-09-21 16 	444
2017-09-21 17 	171
2017-09-21 18 	1806
2017-09-21 19 	1646
2017-09-21 20 	544
2017-09-21 21 	17
2017-09-21 23 	1
2017-09-22 00 	1086
2017-09-22 04 	25
2017-09-22 05 	6049
2017-09-22 06 	22550
2017-09-22 07 	25856
2017-09-22 08 	20892
2017-09-22 09 	11209
2017-09-22 10 	3162
2017-09-22 11 	85
2017-09-22 12 	2
2017-09-22 13 	421
2017-09-22 14 	3130
2017-09-22 15 	2368
2017-09-22 16 	300
2017-09-22 17 	179
2017-09-22 18 	1851
2017-09-22 19 	1650
2017-09-22 20 	430
2017-09-22 21 	8
2017-09-22 22 	5
2017-09-22 23 	1
2017-09-23 00 	861
2017-09-23 04 	29
2017-09-23 05 	6155
2017-09-23 06 	23316
2017-09-23 07 	26098
2017-09-23 08 	18720
2017-09-23 09 	10053
2017-09-23 10 	3094
2017-09-23 11 	56
2017-09-23 12 	3
2017-09-23 13 	447
2017-09-23 14 	2898
2017-09-23 15 	2119
2017-09-23 16 	345
2017-09-23 17 	250
2017-09-23 18 	1784
2017-09-23 19 	1676
2017-09-23 20 	566
2017-09-23 21 	6
2017-09-23 23 	2
2017-09-24 00 	740
2017-09-24 04 	86
2017-09-24 05 	6183
2017-09-24 06 	23372
2017-09-24 07 	26066
2017-09-24 08 	18843
2017-09-24 09 	9838
2017-09-24 10 	2887
2017-09-24 11 	129
2017-09-24 12 	1
2017-09-24 13 	434
2017-09-24 14 	3004
2017-09-24 15 	2158
2017-09-24 16 	352
2017-09-24 17 	205
2017-09-24 18 	1730
2017-09-24 19 	1682
2017-09-24 20 	474
2017-09-24 21 	1
2017-09-24 22 	1
2017-09-25 00 	741
2017-09-25 04 	80
2017-09-25 05 	6096
2017-09-25 06 	22509
2017-09-25 07 	25862
2017-09-25 08 	20249
2017-09-25 09 	10743
2017-09-25 10 	3332
2017-09-25 11 	53
2017-09-25 12 	4
2017-09-25 13 	373
2017-09-25 14 	3308
2017-09-25 15 	2154
2017-09-25 16 	348
2017-09-25 17 	186
2017-09-25 18 	1750
2017-09-25 19 	1946
2017-09-25 20 	409
2017-09-25 21 	4
2017-09-26 00 	665
2017-09-26 04 	83
2017-09-26 05 	5950
2017-09-26 06 	23491
2017-09-26 07 	26305
2017-09-26 08 	20546
2017-09-26 09 	10808
2017-09-26 10 	3320
2017-09-26 11 	51
2017-09-26 12 	1
2017-09-26 13 	480
2017-09-26 14 	3241
2017-09-26 15 	2057
2017-09-26 16 	406
2017-09-26 17 	181
2017-09-26 18 	1945
2017-09-26 19 	1736
2017-09-26 20 	459
2017-09-26 21 	15
2017-09-26 22 	1
2017-09-27 00 	637
2017-09-27 04 	87
2017-09-27 05 	5978
2017-09-27 06 	22987
2017-09-27 07 	26630
2017-09-27 08 	20412
2017-09-27 09 	10241
2017-09-27 10 	3071
2017-09-27 11 	54
2017-09-27 13 	457
2017-09-27 14 	3091
2017-09-27 15 	2081
2017-09-27 16 	458
2017-09-27 17 	285
2017-09-27 18 	2015
2017-09-27 19 	1717
2017-09-27 20 	476
2017-09-27 21 	11
2017-09-27 23 	1
2017-09-28 00 	83724
2017-09-28 04 	98
2017-09-28 05 	5201
2017-09-28 06 	21216
2017-09-28 07 	5544
2017-09-28 09 	651
2017-09-28 11 	5
2017-09-28 12 	7
2017-09-28 13 	295
2017-09-28 14 	2389
2017-09-28 15 	1529
2017-09-28 16 	210
2017-09-28 17 	185
2017-09-28 18 	1959
2017-09-28 19 	1628
2017-09-28 20 	398
2017-09-28 21 	8
2017-09-28 22 	2
2017-09-28 23 	3
2017-09-29 00 	793
2017-09-29 04 	87
2017-09-29 05 	6024
2017-09-29 06 	23317
2017-09-29 07 	25438
2017-09-29 08 	20256
2017-09-29 09 	9946
2017-09-29 10 	2729
2017-09-29 11 	23
2017-09-29 12 	11
2017-09-29 13 	522
2017-09-29 14 	3171
2017-09-29 15 	2037
2017-09-29 16 	227
2017-09-29 17 	191
2017-09-29 18 	2004
2017-09-29 19 	1802
2017-09-29 20 	487
2017-09-29 21 	11
2017-09-29 22 	2
2017-09-29 23 	2
2017-09-30 00 	732
2017-09-30 04 	82
2017-09-30 05 	5910
2017-09-30 06 	23739
2017-09-30 07 	25553
2017-09-30 08 	20280
2017-09-30 09 	10167
2017-09-30 10 	2610
2017-09-30 11 	65
2017-09-30 12 	8
2017-09-30 13 	541
2017-09-30 14 	3001
2017-09-30 15 	1825
2017-09-30 16 	267
2017-09-30 17 	144
2017-09-30 18 	1774
2017-09-30 19 	1684
2017-09-30 20 	306
2017-09-30 22 	2
2017-10-01 00 	1433
2017-10-01 04 	45
2017-10-01 05 	5866
2017-10-01 06 	24145
2017-10-01 07 	25824
2017-10-01 08 	18984
2017-10-01 09 	8849
2017-10-01 10 	2091
2017-10-01 11 	35
2017-10-01 12 	2
2017-10-01 13 	476
2017-10-01 14 	2696
2017-10-01 15 	1911
2017-10-01 16 	278
2017-10-01 17 	244
2017-10-01 18 	1550
2017-10-01 19 	1389
2017-10-01 20 	335
2017-10-01 21 	10
2017-10-02 00 	1284
2017-10-02 04 	88
2017-10-02 05 	5698
2017-10-02 06 	24348
2017-10-02 07 	26060
2017-10-02 08 	18776
2017-10-02 09 	8935
2017-10-02 10 	2086
2017-10-02 11 	30
2017-10-02 12 	5
2017-10-02 13 	439
2017-10-02 14 	2557
2017-10-02 15 	1904
2017-10-02 16 	194
2017-10-02 17 	202
2017-10-02 18 	1543
2017-10-02 19 	1393
2017-10-02 20 	299
2017-10-02 21 	2
2017-10-02 22 	1
2017-10-03 00 	1292
2017-10-03 04 	79
2017-10-03 05 	5596
2017-10-03 06 	23957
2017-10-03 07 	25341
2017-10-03 08 	18275
2017-10-03 09 	8531
2017-10-03 10 	2218
2017-10-03 11 	21
2017-10-03 12 	5
2017-10-03 13 	474
2017-10-03 14 	2479
2017-10-03 15 	1908
2017-10-03 16 	154
2017-10-03 17 	159
2017-10-03 18 	1519
2017-10-03 19 	1243
2017-10-03 20 	322
2017-10-03 21 	1
2017-10-03 22 	7
2017-10-03 23 	2
2017-10-04 00 	1815
2017-10-04 04 	104
2017-10-04 05 	5048
2017-10-04 06 	23243
2017-10-04 07 	24255
2017-10-04 08 	16540
2017-10-04 09 	7241
2017-10-04 10 	1768
2017-10-04 11 	9
2017-10-04 12 	7
2017-10-04 13 	488
2017-10-04 14 	2308
2017-10-04 15 	1494
2017-10-04 16 	211
2017-10-04 17 	122
2017-10-04 18 	983
2017-10-04 19 	704
2017-10-04 20 	193
2017-10-04 21 	5
2017-10-04 22 	1
2017-10-05 00 	1167
2017-10-05 04 	52
2017-10-05 05 	4585
2017-10-05 06 	23113
2017-10-05 07 	25729
2017-10-05 08 	18376
2017-10-05 09 	8842
2017-10-05 10 	2438
2017-10-05 11 	20
2017-10-05 13 	507
2017-10-05 14 	2425
2017-10-05 15 	1988
2017-10-05 16 	217
2017-10-05 17 	255
2017-10-05 18 	1588
2017-10-05 19 	1179
2017-10-05 20 	344
2017-10-05 21 	8
2017-10-06 00 	1099
2017-10-06 04 	57
2017-10-06 05 	5113
2017-10-06 06 	23888
2017-10-06 07 	27025
2017-10-06 08 	19830
2017-10-06 09 	9365
2017-10-06 10 	2612
2017-10-06 11 	26
2017-10-06 13 	510
2017-10-06 14 	2767
2017-10-06 15 	1905
2017-10-06 16 	347
2017-10-06 17 	236
2017-10-06 18 	1716
2017-10-06 19 	1443
2017-10-06 20 	395
2017-10-06 21 	3
2017-10-06 23 	1
2017-10-07 00 	1156
2017-10-07 04 	65
2017-10-07 05 	5168
2017-10-07 06 	24890
2017-10-07 07 	27372
2017-10-07 08 	19677
2017-10-07 09 	10007
2017-10-07 10 	2805
2017-10-07 11 	31
2017-10-07 12 	4
2017-10-07 13 	592
2017-10-07 14 	2943
2017-10-07 15 	1990
2017-10-07 16 	217
2017-10-07 17 	244
2017-10-07 18 	2009
2017-10-07 19 	1381
2017-10-07 20 	452
2017-10-07 21 	2
2017-10-08 00 	959
2017-10-08 04 	69
2017-10-08 05 	5254
2017-10-08 06 	25691
2017-10-08 07 	27609
2017-10-08 08 	20743
2017-10-08 09 	10125
2017-10-08 10 	2794
2017-10-08 11 	33
2017-10-08 12 	4
2017-10-08 13 	596
2017-10-08 14 	3146
2017-10-08 15 	2144
2017-10-08 16 	210
2017-10-08 17 	269
2017-10-08 18 	2048
2017-10-08 19 	1593
2017-10-08 20 	418
2017-10-08 21 	17
2017-10-09 00 	894
2017-10-09 04 	58
2017-10-09 05 	5128
2017-10-09 06 	24827
2017-10-09 07 	27668
2017-10-09 08 	22231
2017-10-09 09 	11663
2017-10-09 10 	3142
2017-10-09 11 	67
2017-10-09 12 	3
2017-10-09 13 	535
2017-10-09 14 	3408
2017-10-09 15 	2332
2017-10-09 16 	214
2017-10-09 17 	383
2017-10-09 18 	2188
2017-10-09 19 	1674
2017-10-09 20 	477
2017-10-09 21 	8
2017-10-09 22 	1
2017-10-09 23 	1
2017-10-10 00 	1404
2017-10-10 04 	58
2017-10-10 05 	4986
2017-10-10 06 	25257
2017-10-10 07 	28227
2017-10-10 08 	22350
2017-10-10 09 	11173
2017-10-10 10 	3134
2017-10-10 11 	136
2017-10-10 12 	2
2017-10-10 13 	699
2017-10-10 14 	3539
2017-10-10 15 	2472
2017-10-10 16 	261
2017-10-10 17 	420
2017-10-10 18 	2144
2017-10-10 19 	1777
2017-10-10 20 	373
2017-10-10 21 	7
2017-10-11 00 	902
2017-10-11 04 	62
2017-10-11 05 	5159
2017-10-11 06 	25390
2017-10-11 07 	29473
2017-10-11 08 	23938
2017-10-11 09 	11793
2017-10-11 10 	3173
2017-10-11 11 	81
2017-10-11 13 	685
2017-10-11 14 	3563
2017-10-11 15 	2503
2017-10-11 16 	231
2017-10-11 17 	496
2017-10-11 18 	2010
2017-10-11 19 	1634
2017-10-11 20 	412
2017-10-11 21 	33
2017-10-11 22 	2
2017-10-12 00 	1133
2017-10-12 04 	63
2017-10-12 05 	4848
2017-10-12 06 	25158
2017-10-12 07 	29677
2017-10-12 08 	23995
2017-10-12 09 	11643
2017-10-12 10 	3709
2017-10-12 11 	105
2017-10-12 12 	2
2017-10-12 13 	652
2017-10-12 14 	3712
2017-10-12 15 	2465
2017-10-12 16 	401
2017-10-12 17 	440
2017-10-12 18 	2050
2017-10-12 19 	1784
2017-10-12 20 	434
2017-10-12 21 	6
2017-10-13 00 	920
2017-10-13 04 	50
2017-10-13 05 	4928
2017-10-13 06 	25291
2017-10-13 07 	29969
2017-10-13 08 	23806
2017-10-13 09 	12129
2017-10-13 10 	3881
2017-10-13 11 	150
2017-10-13 12 	7
2017-10-13 13 	802
2017-10-13 14 	3821
2017-10-13 15 	2545
2017-10-13 16 	244
2017-10-13 17 	431
2017-10-13 18 	2104
2017-10-13 19 	1601
2017-10-13 20 	424
2017-10-13 21 	4
2017-10-14 00 	965
2017-10-14 04 	56
2017-10-14 05 	4796
2017-10-14 06 	26697
2017-10-14 07 	29700
2017-10-14 08 	22824
2017-10-14 09 	11614
2017-10-14 10 	3553
2017-10-14 11 	97
2017-10-14 12 	2
2017-10-14 13 	718
2017-10-14 14 	3602
2017-10-14 15 	2757
2017-10-14 16 	162
2017-10-14 17 	500
2017-10-14 18 	1990
2017-10-14 19 	1641
2017-10-14 20 	358
2017-10-14 21 	7
2017-10-14 22 	5
2017-10-15 00 	1030
2017-10-15 04 	64
2017-10-15 05 	4867
2017-10-15 06 	26858
2017-10-15 07 	29888
2017-10-15 08 	22031
2017-10-15 09 	11778
2017-10-15 10 	3197
2017-10-15 11 	158
2017-10-15 12 	5
2017-10-15 13 	802
2017-10-15 14 	3712
2017-10-15 15 	2841
2017-10-15 16 	154
2017-10-15 17 	437
2017-10-15 18 	1822
2017-10-15 19 	1495
2017-10-15 20 	384
2017-10-15 21 	1
2017-10-15 22 	6
2017-10-16 00 	1029
2017-10-16 04 	67
2017-10-16 05 	4573
2017-10-16 06 	23733
2017-10-16 07 	29001
2017-10-16 08 	24320
2017-10-16 09 	12709
2017-10-16 10 	3616
2017-10-16 11 	167
2017-10-16 12 	2
2017-10-16 13 	780
2017-10-16 14 	3914
2017-10-16 15 	2828
2017-10-16 16 	153
2017-10-16 17 	388
2017-10-16 18 	2023
2017-10-16 19 	1511
2017-10-16 20 	309
2017-10-16 21 	3
2017-10-16 22 	1
2017-10-17 00 	925
2017-10-17 04 	93
2017-10-17 05 	4263
2017-10-17 06 	25900
2017-10-17 07 	29794
2017-10-17 08 	24739
2017-10-17 09 	13066
2017-10-17 10 	3460
2017-10-17 11 	198
2017-10-17 12 	18
2017-10-17 13 	745
2017-10-17 14 	4018
2017-10-17 15 	2640
2017-10-17 16 	205
2017-10-17 17 	443
2017-10-17 18 	2209
2017-10-17 19 	1459
2017-10-17 20 	313
2017-10-17 21 	8
2017-10-18 00 	917
2017-10-18 04 	184
2017-10-18 05 	4512
2017-10-18 06 	25945
2017-10-18 07 	30974
2017-10-18 08 	24700
2017-10-18 09 	13032
2017-10-18 10 	3822
2017-10-18 11 	212
2017-10-18 12 	13
2017-10-18 13 	729
2017-10-18 14 	4001
2017-10-18 15 	2783
2017-10-18 16 	231
2017-10-18 17 	392
2017-10-18 18 	2526
2017-10-18 19 	1619
2017-10-18 20 	358
2017-10-18 21 	7
2017-10-18 22 	132
2017-10-19 00 	943
2017-10-19 04 	202
2017-10-19 05 	4619
2017-10-19 06 	25280
2017-10-19 07 	30824
2017-10-19 08 	25429
2017-10-19 09 	12919
2017-10-19 10 	3853
2017-10-19 11 	168
2017-10-19 12 	14
2017-10-19 13 	798
2017-10-19 14 	3873
2017-10-19 15 	2725
2017-10-19 16 	225
2017-10-19 17 	505
2017-10-19 18 	2310
2017-10-19 19 	1619
2017-10-19 20 	312
2017-10-19 21 	2
2017-10-19 22 	4
2017-10-20 00 	974
2017-10-20 04 	206
2017-10-20 05 	4349
2017-10-20 06 	25392
2017-10-20 07 	29932
2017-10-20 08 	24558
2017-10-20 09 	12558
2017-10-20 10 	3416
2017-10-20 11 	149
2017-10-20 12 	9
2017-10-20 13 	737
2017-10-20 14 	3952
2017-10-20 15 	2614
2017-10-20 16 	113
2017-10-20 17 	400
2017-10-20 18 	2252
2017-10-20 19 	2111
2017-10-20 20 	384
2017-10-20 21 	4
2017-10-20 23 	3
2017-10-21 00 	1662
2017-10-21 04 	200
2017-10-21 05 	4704
2017-10-21 06 	27394
2017-10-21 07 	30354
2017-10-21 08 	22728
2017-10-21 09 	11975
2017-10-21 10 	3381
2017-10-21 11 	94
2017-10-21 12 	14
2017-10-21 13 	753
2017-10-21 14 	3970
2017-10-21 15 	2451
2017-10-21 16 	151
2017-10-21 17 	398
2017-10-21 18 	2359
2017-10-21 19 	1601
2017-10-21 20 	352
2017-10-21 21 	5
2017-10-21 23 	1
2017-10-22 00 	1078
2017-10-22 04 	191
2017-10-22 05 	4577
2017-10-22 06 	27194
2017-10-22 07 	30435
2017-10-22 08 	23064
2017-10-22 09 	12089
2017-10-22 10 	3468
2017-10-22 11 	124
2017-10-22 12 	12
2017-10-22 13 	748
2017-10-22 14 	3609
2017-10-22 15 	2588
2017-10-22 16 	205
2017-10-22 17 	420
2017-10-22 18 	2339
2017-10-22 19 	1654
2017-10-22 20 	314
2017-10-22 21 	1
2017-10-22 23 	2
2017-10-23 00 	946
2017-10-23 04 	218
2017-10-23 05 	4444
2017-10-23 06 	25596
2017-10-23 07 	31216
2017-10-23 08 	25779
2017-10-23 09 	13590
2017-10-23 10 	3863
2017-10-23 11 	119
2017-10-23 12 	5
2017-10-23 13 	792
2017-10-23 14 	4161
2017-10-23 15 	2806
2017-10-23 16 	325
2017-10-23 17 	470
2017-10-23 18 	2301
2017-10-23 19 	2008
2017-10-23 20 	422
2017-10-23 21 	3
2017-10-24 00 	929
2017-10-24 04 	170
2017-10-24 05 	4466
2017-10-24 06 	26110
2017-10-24 07 	31262
2017-10-24 08 	25884
2017-10-24 09 	13425
2017-10-24 10 	3749
2017-10-24 11 	138
2017-10-24 12 	4
2017-10-24 13 	821
2017-10-24 14 	4007
2017-10-24 15 	2899
2017-10-24 16 	328
2017-10-24 17 	481
2017-10-24 18 	2383
2017-10-24 19 	1981
2017-10-24 20 	343
2017-10-24 21 	4
2017-10-25 00 	911
2017-10-25 04 	201
2017-10-25 05 	4715
2017-10-25 06 	26236
2017-10-25 07 	31685
2017-10-25 08 	25535
2017-10-25 09 	13995
2017-10-25 10 	4084
2017-10-25 11 	112
2017-10-25 12 	2
2017-10-25 13 	934
2017-10-25 14 	4297
2017-10-25 15 	2633
2017-10-25 16 	268
2017-10-25 17 	504
2017-10-25 18 	2409
2017-10-25 19 	1964
2017-10-25 20 	421
2017-10-25 21 	58
2017-10-25 22 	1
2017-10-26 00 	883
2017-10-26 04 	191
2017-10-26 05 	4543
2017-10-26 06 	26673
2017-10-26 07 	31715
2017-10-26 08 	25605
2017-10-26 09 	14230
2017-10-26 10 	4125
2017-10-26 11 	157
2017-10-26 12 	2
2017-10-26 13 	1020
2017-10-26 14 	4078
2017-10-26 15 	2903
2017-10-26 16 	222
2017-10-26 17 	435
2017-10-26 18 	2182
2017-10-26 19 	2199
2017-10-26 20 	415
2017-10-26 21 	3
2017-10-27 00 	948
2017-10-27 04 	248
2017-10-27 05 	4663
2017-10-27 06 	26650
2017-10-27 07 	32088
2017-10-27 08 	25256
2017-10-27 09 	13464
2017-10-27 10 	4015
2017-10-27 11 	143
2017-10-27 12 	12
2017-10-27 13 	1003
2017-10-27 14 	3822
2017-10-27 15 	3171
2017-10-27 16 	274
2017-10-27 17 	534
2017-10-27 18 	2201
2017-10-27 19 	2249
2017-10-27 20 	383
2017-10-27 21 	3
2017-10-28 00 	993
2017-10-28 04 	251
2017-10-28 05 	4535
2017-10-28 06 	28068
2017-10-28 07 	30541
2017-10-28 08 	23101
2017-10-28 09 	12641
2017-10-28 10 	3619
2017-10-28 11 	168
2017-10-28 12 	1
2017-10-28 13 	1113
2017-10-28 14 	3912
2017-10-28 15 	2782
2017-10-28 16 	335
2017-10-28 17 	510
2017-10-28 18 	2204
2017-10-28 19 	1847
2017-10-28 20 	427
2017-10-28 21 	1
2017-10-28 22 	1
2017-10-28 23 	1
2017-10-29 00 	1022
2017-10-29 04 	223
2017-10-29 05 	4641
2017-10-29 06 	26746
2017-10-29 07 	30936
2017-10-29 08 	23858
2017-10-29 09 	13092
2017-10-29 10 	3853
2017-10-29 11 	145
2017-10-29 12 	10
2017-10-29 13 	933
2017-10-29 14 	3769
2017-10-29 15 	3075
2017-10-29 16 	302
2017-10-29 17 	526
2017-10-29 18 	2235
2017-10-29 19 	2178
2017-10-29 20 	369
2017-10-29 22 	1
2017-10-30 00 	804
2017-10-30 04 	298
2017-10-30 05 	4493
2017-10-30 06 	25707
2017-10-30 07 	31402
2017-10-30 08 	26366
2017-10-30 09 	14325
2017-10-30 10 	4016
2017-10-30 11 	244
2017-10-30 13 	1036
2017-10-30 14 	4089
2017-10-30 15 	3230
2017-10-30 16 	376
2017-10-30 17 	587
2017-10-30 18 	2375
2017-10-30 19 	2124
2017-10-30 20 	388
2017-10-30 21 	4
2017-10-31 00 	783
2017-10-31 04 	217
2017-10-31 05 	4498
2017-10-31 06 	25485
2017-10-31 07 	31509
2017-10-31 08 	26839
2017-10-31 09 	14290
2017-10-31 10 	4234
2017-10-31 11 	210
2017-10-31 12 	1
2017-10-31 13 	915
2017-10-31 14 	4306
2017-10-31 15 	3080
2017-10-31 16 	442
2017-10-31 17 	484
2017-10-31 18 	2239
2017-10-31 19 	2156
2017-10-31 20 	476
2017-10-31 21 	12
2017-10-31 22 	1
2018-03-07 16 	1
2018-03-07 17 	1
2018-03-16 19 	14
2018-03-18 00 	1
2018-03-19 00 	2
2018-03-19 18 	3
2018-03-20 00 	5
2018-03-20 09 	8
2018-03-20 10 	1
2018-03-21 00 	1
2018-03-27 10 	1
2018-03-27 14 	2
2018-03-27 16 	4
2018-03-28 16 	3
2018-03-28 17 	1
2018-03-28 18 	4
2018-03-29 00 	1
2018-03-29 16 	4
2018-03-29 17 	8
2018-03-30 16 	3
2018-04-02 10 	1
2018-04-04 11 	6
2018-04-04 16 	1
2018-04-06 00 	1
2018-04-07 00 	1
2018-04-08 00 	1
2018-04-08 11 	1
2018-04-09 00 	1
2018-04-09 10 	1
2018-04-10 00 	1
2018-04-10 10 	8
2018-04-11 14 	1
2018-04-12 08 	2
2018-04-12 18 	3
2018-04-14 09 	1
2018-04-14 10 	1
2018-04-14 11 	1
2018-04-14 14 	2
2018-04-15 00 	1
2018-04-15 10 	1
2018-04-15 13 	4
2018-04-16 00 	2
2018-04-16 10 	1
2018-04-17 00 	3
2018-04-17 10 	1
2018-04-17 11 	1
2018-04-17 16 	21
2018-04-17 17 	159
2018-04-17 18 	1317
2018-04-17 19 	2313
2018-04-17 20 	471
2018-04-17 21 	24
2018-04-18 09 	1420
2018-04-18 10 	2961
2018-04-18 11 	78
2018-04-18 12 	9
2018-04-18 13 	579
2018-04-18 14 	1116
2018-04-19 10 	1
2018-04-19 14 	2
2018-04-20 10 	1
2018-04-20 14 	2
2018-04-21 10 	1
2018-04-21 14 	2
2018-04-22 00 	1
2018-04-22 10 	1
2018-04-22 14 	2
2018-04-23 10 	2
2018-04-23 14 	1
2018-04-24 00 	2
2018-04-24 10 	1
2018-04-24 14 	2
2018-04-25 10 	1
2018-04-25 14 	2
2018-04-26 10 	1
2018-04-26 14 	2
2018-04-27 10 	1
2018-04-27 14 	2
2018-04-28 00 	1
2018-04-28 10 	1
2018-04-28 14 	3
2018-04-29 00 	2
2018-04-29 10 	1
2018-04-29 14 	1
2018-04-30 00 	1
2018-04-30 10 	1
2018-04-30 11 	1
2018-05-01 10 	1
2018-05-01 16 	1
2018-05-01 17 	1
2018-05-02 10 	1
2018-05-02 16 	2
2018-05-03 10 	1
2018-05-03 16 	2
2018-05-04 10 	1
2018-05-04 15 	1
2018-05-04 16 	1
2018-05-05 10 	1
2018-05-05 17 	2
2018-05-06 10 	1
2018-05-06 15 	1
2018-05-06 16 	1
2018-05-06 17 	1
2018-05-07 10 	1
2018-05-07 16 	1
2018-05-07 17 	2
2018-05-08 10 	1
2018-05-08 16 	1
2018-05-08 17 	2
2018-05-09 10 	1
2018-05-09 16 	1
2018-05-09 17 	2
2018-05-10 10 	1
2018-05-10 16 	2
2018-05-11 10 	1
2018-05-11 11 	2
2018-05-12 10 	1
2018-05-12 11 	2
2018-05-13 11 	3
2018-05-14 11 	1
2018-05-14 14 	3
2018-05-15 10 	1
2018-05-15 14 	3
2018-05-16 14 	3
2018-05-17 11 	3
2018-05-18 10 	3
